date,dew_point_2m_mean,temperature_2m_mean,precipitation_sum,wind_direction_10m_dominant,wind_speed_10m_mean,surface_pressure_mean,relative_humidity_2m_mean,pm25
2021-01-01,10.5,21.3,0.0,63,6.0,1010.7,52,38.0
2021-01-02,10.0,20.2,0.0,7,6.4,1009.8,54,44.0
2021-01-03,11.9,20.9,0.0,3,6.0,1008.2,59,57.0
2021-01-04,14.2,22.5,0.0,337,6.2,1008.3,62,61.0
2021-01-05,17.1,24.7,0.0,332,4.7,1007.6,65,51.0
2021-01-06,18.9,26.4,0.0,165,5.7,1005.7,65,53.0
2021-01-07,19.2,27.0,0.0,295,6.2,1004.7,64,45.0
2021-01-08,18.2,27.4,0.0,136,5.8,1005.4,59,24.0
2021-01-09,14.9,24.3,0.0,194,6.4,1007.3,56,24.0
2021-01-10,14.1,23.4,0.0,191,5.8,1007.3,58,33.0
2021-01-11,14.4,24.1,0.0,153,6.5,1008.7,56,31.0
2021-01-12,6.7,20.6,0.0,13,9.6,1011.7,41,30.0
2021-01-13,9.8,19.5,0.0,326,6.3,1009.8,55,39.0
2021-01-14,13.5,21.3,0.0,310,6.2,1007.3,64,51.0
2021-01-15,14.8,22.7,0.0,173,5.7,1004.8,64,69.0
2021-01-16,15.5,24.0,0.0,158,6.5,1004.4,62,80.0
2021-01-17,14.9,24.9,0.0,93,8.0,1007.7,56,69.0
2021-01-18,12.7,23.8,0.0,61,6.6,1009.7,51,36.0
2021-01-19,12.3,21.4,0.0,231,4.8,1008.5,59,52.0
2021-01-20,12.5,21.6,0.0,181,5.3,1007.4,59,62.0
2021-01-21,13.0,22.4,0.0,170,4.8,1006.0,59,75.0
2021-01-22,13.4,23.4,0.0,174,5.4,1005.2,57,89.0
2021-01-23,14.2,24.4,0.0,158,6.2,1004.7,56,81.0
2021-01-24,16.0,26.0,0.0,175,6.9,1005.2,56,68.0
2021-01-25,16.2,26.0,0.0,175,5.8,1005.2,57,64.0
2021-01-26,16.3,27.1,0.0,290,6.8,1004.4,54,69.0
2021-01-27,18.0,27.3,0.0,267,5.8,1005.0,59,72.0
2021-01-28,18.7,28.5,0.0,139,4.5,1006.2,57,96.0
2021-01-29,16.2,27.3,0.0,185,6.1,1007.3,52,46.0
2021-01-30,15.6,25.8,0.0,177,5.0,1007.7,54,65.0
2021-01-31,16.4,26.0,0.0,201,5.5,1007.9,58,71.0
2021-02-01,17.2,26.9,0.0,239,5.1,1007.6,57,91.0
2021-02-02,17.1,27.6,0.0,181,5.9,1007.2,55,81.0
2021-02-03,17.3,27.9,0.0,178,4.7,1007.0,55,61.0
2021-02-04,16.3,28.1,0.0,255,5.0,1007.9,51,51.0
2021-02-05,15.7,27.0,0.0,227,4.6,1007.2,52,65.0
2021-02-06,15.9,27.2,0.0,243,5.4,1005.9,52,63.0
2021-02-07,15.6,27.6,0.0,159,6.4,1005.2,49,61.0
2021-02-08,18.1,26.6,5.6,156,9.4,1004.7,61,68.0
2021-02-09,18.7,23.6,1.5,351,9.5,1005.7,76,21.0
2021-02-10,15.9,23.1,0.0,345,7.8,1006.2,67,19.0
2021-02-11,16.0,23.3,0.0,353,3.7,1006.2,66,31.0
2021-02-12,16.4,24.3,0.0,148,4.4,1006.3,64,38.0
2021-02-13,16.8,25.2,0.0,153,6.7,1006.1,63,47.0
2021-02-14,17.1,26.1,0.0,168,7.1,1006.0,60,50.0
2021-02-15,17.5,27.0,0.0,150,9.7,1004.4,58,49.0
2021-02-16,19.1,27.2,0.2,155,8.5,1004.1,63,47.0
2021-02-17,19.2,27.8,0.7,138,6.6,1006.1,61,51.0
2021-02-18,15.9,26.5,0.0,113,7.1,1009.3,54,40.0
2021-02-19,14.5,25.1,0.0,78,6.3,1010.8,54,38.0
2021-02-20,14.9,24.5,0.0,179,5.2,1009.2,57,42.0
2021-02-21,16.3,25.2,0.0,180,4.8,1007.2,60,57.0
2021-02-22,17.3,26.8,0.0,170,5.3,1005.4,58,72.0
2021-02-23,18.6,27.4,0.0,169,7.9,1004.1,60,68.0
2021-02-24,18.9,28.6,0.0,184,10.2,1002.6,58,70.0
2021-02-25,17.8,28.8,0.0,208,6.9,1001.3,54,54.0
2021-02-26,15.6,27.6,0.0,323,7.1,1000.0,49,64.0
2021-02-27,15.0,27.5,0.0,147,5.1,1000.3,49,86.0
2021-02-28,16.1,26.8,0.0,167,7.2,1001.9,54,76.0
2021-03-01,17.6,27.9,0.0,160,7.6,1005.1,55,48.0
2021-03-02,19.7,29.1,0.0,166,7.5,1005.2,59,59.0
2021-03-03,22.1,29.3,8.0,153,12.8,1005.4,66,26.0
2021-03-04,22.9,27.9,0.7,153,8.8,1006.3,76,17.0
2021-03-05,21.6,29.4,0.4,166,10.2,1005.3,65,26.0
2021-03-06,19.9,29.4,0.0,164,6.9,1005.8,61,38.0
2021-03-07,20.3,30.2,0.0,178,8.5,1005.0,57,39.0
2021-03-08,19.7,30.0,0.0,155,11.3,1006.2,56,31.0
2021-03-09,20.1,30.1,0.0,153,10.3,1005.9,57,39.0
2021-03-10,20.3,29.6,0.0,141,7.8,1006.0,59,45.0
2021-03-11,20.6,29.6,0.0,124,7.2,1006.2,60,48.0
2021-03-12,20.9,29.2,0.0,107,5.2,1006.4,62,53.0
2021-03-13,21.2,29.1,0.2,116,6.4,1005.9,64,57.0
2021-03-14,21.7,29.2,0.6,161,7.8,1004.1,65,53.0
2021-03-15,21.6,29.8,0.0,165,7.8,1002.9,63,53.0
2021-03-16,21.4,30.8,0.0,165,8.0,1002.3,59,46.0
2021-03-17,22.1,30.7,0.2,160,9.0,1002.2,61,44.0
2021-03-18,22.1,31.2,0.2,158,7.4,1001.9,60,52.0
2021-03-19,22.2,31.8,0.0,167,8.3,1001.1,58,55.0
2021-03-20,21.8,32.2,0.0,168,8.6,999.7,56,60.0
2021-03-21,21.7,32.4,0.0,151,9.5,1000.5,54,54.0
2021-03-22,22.2,29.1,4.6,170,7.4,1005.5,67,34.0
2021-03-23,19.9,28.4,0.0,211,4.6,1006.6,61,26.0
2021-03-24,19.8,29.1,0.0,162,5.5,1004.0,58,43.0
2021-03-25,19.7,31.0,0.0,164,7.5,1002.5,52,60.0
2021-03-26,21.3,32.0,0.0,171,9.6,1002.1,54,60.0
2021-03-27,22.1,32.3,0.0,167,8.4,1001.1,56,55.0
2021-03-28,21.8,32.5,0.0,173,11.2,1000.5,54,45.0
2021-03-29,20.6,32.3,0.0,177,9.6,999.5,52,50.0
2021-03-30,20.8,31.6,0.0,182,9.2,998.3,54,74.0
2021-03-31,19.6,31.0,0.0,151,7.6,997.7,52,110.0
2021-04-01,20.2,31.1,0.0,161,7.7,998.2,53,94.0
2021-04-02,21.3,31.0,0.0,156,8.1,999.4,57,72.0
2021-04-03,21.9,32.0,0.2,153,9.6,999.8,56,34.0
2021-04-04,24.4,27.4,24.8,5,6.4,1003.1,84,18.0
2021-04-05,23.8,25.9,10.3,349,3.7,1004.9,88,8.0
2021-04-06,23.4,26.0,22.2,3,4.8,1005.9,87,8.0
2021-04-07,22.4,26.2,4.3,309,7.3,1006.1,81,9.0
2021-04-08,23.3,28.5,0.2,172,4.6,1003.6,75,16.0
2021-04-09,24.5,28.9,3.8,152,5.8,1003.3,78,21.0
2021-04-10,24.7,28.2,6.4,151,5.4,1005.0,82,22.0
2021-04-11,24.9,28.3,5.1,138,3.6,1006.1,82,27.0
2021-04-12,24.7,28.4,8.4,150,5.0,1006.0,81,26.0
2021-04-13,24.2,28.8,4.1,152,6.2,1004.9,77,28.0
2021-04-14,23.9,28.9,7.4,170,7.2,1004.3,75,19.0
2021-04-15,23.7,29.4,0.2,168,5.0,1003.0,73,19.0
2021-04-16,23.9,29.1,22.9,158,7.3,1002.7,74,33.0
2021-04-17,24.2,27.1,23.7,138,4.7,1004.8,85,17.0
2021-04-18,24.1,26.9,18.9,149,4.2,1004.6,86,11.0
2021-04-19,23.7,27.5,5.9,164,6.1,1002.7,81,10.0
2021-04-20,24.2,28.5,1.8,158,6.5,1002.0,78,20.0
2021-04-21,24.5,29.7,0.0,161,6.5,1002.3,75,22.0
2021-04-22,24.2,30.5,0.0,168,5.5,1001.4,71,30.0
2021-04-23,24.2,31.1,0.0,173,6.6,999.9,68,39.0
2021-04-24,23.8,31.7,0.0,152,8.6,1000.0,64,37.0
2021-04-25,23.8,31.4,5.3,164,8.7,1001.2,65,37.0
2021-04-26,24.4,28.9,3.0,169,5.3,1002.0,78,24.0
2021-04-27,24.7,26.7,8.3,165,5.5,1004.1,89,11.0
2021-04-28,24.3,26.9,13.8,340,4.4,1005.5,86,14.0
2021-04-29,23.7,25.9,27.9,140,5.0,1005.5,88,8.0
2021-04-30,23.8,26.4,9.5,160,4.6,1004.8,86,8.0
2021-05-01,23.8,27.1,2.5,156,5.4,1004.9,83,8.0
2021-05-02,24.3,27.8,8.9,164,5.1,1004.4,82,14.0
2021-05-03,24.9,28.6,0.6,162,5.8,1002.6,81,17.0
2021-05-04,25.0,29.9,0.2,149,3.7,1002.0,76,18.0
2021-05-05,25.0,30.4,0.1,118,3.8,1002.1,74,18.0
2021-05-06,24.2,28.9,0.5,191,6.2,1005.3,76,19.0
2021-05-07,24.2,29.3,0.0,12,4.7,1005.1,76,24.0
2021-05-08,24.9,29.9,0.4,149,4.2,1003.4,76,14.0
2021-05-09,24.2,27.9,3.2,61,3.8,1002.6,81,
2021-05-10,24.0,29.3,0.2,173,5.1,1001.4,74,13.0
2021-05-11,24.4,30.5,1.5,160,6.9,1000.6,71,11.0
2021-05-12,24.4,30.7,0.0,159,5.8,999.8,71,15.0
2021-05-13,24.5,30.9,0.4,170,7.1,999.3,69,15.0
2021-05-14,25.2,31.2,0.0,159,6.9,999.2,72,16.0
2021-05-15,24.1,31.8,0.2,154,7.4,999.9,65,16.0
2021-05-16,25.0,31.6,0.7,162,10.1,1000.4,69,17.0
2021-05-17,24.8,31.4,0.0,156,9.1,1000.8,69,17.0
2021-05-18,24.5,31.7,1.8,175,9.3,1001.1,67,16.0
2021-05-19,24.1,31.5,0.2,166,6.8,1000.2,66,15.0
2021-05-20,24.6,30.9,2.1,162,7.8,1000.4,70,14.0
2021-05-21,25.4,30.4,7.4,169,6.1,1000.1,76,14.0
2021-05-22,24.7,31.0,0.2,154,6.9,998.8,70,9.0
2021-05-23,24.1,31.2,3.0,173,5.9,999.0,68,7.0
2021-05-24,23.3,31.7,0.0,139,7.2,999.9,62,9.0
2021-05-25,24.4,29.5,6.7,118,6.4,1000.4,75,6.0
2021-05-26,25.0,28.6,12.2,181,5.3,1000.3,82,12.0
2021-05-27,24.6,30.1,4.4,147,6.3,1000.1,74,15.0
2021-05-28,24.9,28.3,12.5,147,7.6,1002.1,83,11.0
2021-05-29,25.2,28.1,7.4,160,7.6,1001.8,85,9.0
2021-05-30,24.6,29.4,4.9,168,10.9,1000.5,77,7.0
2021-05-31,24.8,30.2,2.1,181,7.1,999.4,74,6.0
2021-06-01,24.7,30.7,0.4,170,6.1,999.8,71,7.0
2021-06-02,24.7,31.2,0.7,168,5.0,999.9,69,9.0
2021-06-03,23.6,32.1,0.1,176,6.1,1000.4,63,15.0
2021-06-04,24.0,32.2,0.4,212,6.4,1000.3,64,20.0
2021-06-05,24.0,31.3,1.0,203,8.1,1000.1,66,15.0
2021-06-06,24.0,29.7,1.5,175,6.3,999.5,72,10.0
2021-06-07,24.5,28.5,18.3,161,8.6,999.1,79,9.0
2021-06-08,24.6,28.4,8.6,154,8.2,999.3,81,8.0
2021-06-09,24.2,27.8,4.2,158,7.6,999.5,82,6.0
2021-06-10,24.4,27.7,2.4,163,9.1,998.7,83,6.0
2021-06-11,24.4,27.5,6.7,170,6.7,998.4,84,6.0
2021-06-12,24.1,26.3,8.8,61,5.1,999.8,88,8.0
2021-06-13,24.6,25.6,21.9,169,8.2,999.6,94,8.0
2021-06-14,24.4,25.5,21.9,162,8.7,1000.1,93,9.0
2021-06-15,24.6,26.3,12.6,164,10.5,999.8,90,5.0
2021-06-16,24.5,26.6,6.8,162,9.6,1001.1,88,5.0
2021-06-17,24.4,28.2,0.0,169,7.6,1002.5,81,6.0
2021-06-18,24.7,28.7,0.1,199,4.8,1003.5,80,8.0
2021-06-19,23.7,29.1,0.0,251,7.6,1002.7,74,11.0
2021-06-20,22.6,29.7,0.0,278,10.5,1000.9,66,14.0
2021-06-21,23.0,29.7,0.3,279,7.5,999.9,68,23.0
2021-06-22,23.6,29.3,1.2,272,6.0,1000.8,72,19.0
2021-06-23,24.7,28.7,13.0,150,6.1,1001.7,80,15.0
2021-06-24,22.9,29.1,0.1,259,8.2,1000.4,72,13.0
2021-06-25,22.9,29.3,0.0,170,6.1,999.4,69,17.0
2021-06-26,24.6,29.5,1.1,171,6.1,1000.6,76,12.0
2021-06-27,25.2,28.5,3.0,158,6.5,1002.5,83,9.0
2021-06-28,24.9,27.3,5.1,174,8.3,1002.0,87,5.0
2021-06-29,24.9,28.4,3.6,167,8.1,1000.4,82,
2021-06-30,24.4,28.7,0.7,160,7.1,1000.2,78,7.0
2021-06-30,24.4,28.7,0.7,160,7.1,1000.2,78,8.0
2021-07-01,24.2,29.0,0.2,170,7.6,1000.5,77,6.0
2021-07-02,24.5,28.1,3.0,151,5.6,1001.8,82,5.0
2021-07-03,23.6,29.4,0.0,190,5.7,1001.2,73,5.0
2021-07-04,23.3,30.3,0.0,270,6.3,999.7,68,7.0
2021-07-05,23.8,30.8,0.3,270,5.2,998.6,67,9.0
2021-07-06,24.7,29.2,7.3,155,4.6,998.3,78,16.0
2021-07-07,24.5,27.8,17.8,204,5.5,999.4,84,9.0
2021-07-08,24.7,26.8,8.0,164,5.8,999.3,89,7.0
2021-07-09,24.7,27.5,11.8,128,5.1,999.1,85,5.0
2021-07-10,24.7,27.3,26.7,206,4.5,999.6,87,5.0
2021-07-11,24.6,27.4,10.2,159,9.0,1001.3,86,4.0
2021-07-12,24.9,28.2,7.0,153,8.0,1002.8,83,6.0
2021-07-13,25.0,28.6,1.5,149,4.3,1001.5,82,8.0
2021-07-14,25.1,28.5,5.6,158,5.2,1000.4,82,12.0
2021-07-15,24.9,27.6,23.5,167,6.4,1001.1,86,9.0
2021-07-16,24.5,26.7,10.0,177,5.3,1003.0,88,8.0
2021-07-17,24.5,27.8,2.7,188,5.2,1001.0,83,8.0
2021-07-18,24.9,27.6,13.6,164,6.8,998.8,86,6.0
2021-07-19,24.7,27.2,13.6,165,8.7,998.4,87,5.0
2021-07-20,24.6,27.0,5.0,166,10.9,999.1,87,8.0
2021-07-21,24.8,27.6,11.2,174,10.5,998.8,85,10.0
2021-07-22,24.6,27.3,20.1,168,9.5,998.8,86,13.0
2021-07-23,25.0,27.4,10.2,169,7.2,999.2,87,10.0
2021-07-24,25.1,26.2,20.6,180,7.9,998.5,94,7.0
2021-07-25,24.9,26.5,35.8,170,10.6,998.5,91,8.0
2021-07-26,24.6,27.1,2.2,169,8.0,998.0,87,7.0
2021-07-27,24.9,26.9,10.0,178,7.5,997.8,89,14.0
2021-07-28,25.0,27.5,13.5,175,6.3,997.8,87,9.0
2021-07-29,25.0,28.9,1.1,216,8.1,998.3,81,15.0
2021-07-30,25.3,28.7,3.0,191,6.7,999.5,82,16.0
2021-07-31,24.8,28.2,8.9,182,6.4,999.7,82,14.0
2021-08-01,24.6,27.8,2.9,181,6.3,998.8,83,16.0
2021-08-02,24.6,28.0,3.5,187,7.1,998.9,82,18.0
2021-08-03,24.4,27.4,4.0,173,7.7,999.5,84,18.0
2021-08-04,24.7,27.6,4.0,174,7.5,1000.2,85,17.0
2021-08-05,24.5,28.2,5.7,167,8.2,999.5,81,20.0
2021-08-06,24.8,27.6,10.8,155,7.7,1000.3,85,15.0
2021-08-07,25.2,27.8,3.3,182,5.8,1001.7,86,
2021-08-08,24.5,29.1,0.0,250,7.6,1001.4,77,
2021-08-09,24.1,29.7,1.0,266,9.2,999.9,73,
2021-08-10,24.9,29.5,1.8,214,5.8,998.2,77,23.0
2021-08-11,25.4,29.0,2.6,151,7.7,1000.1,81,26.0
2021-08-12,24.6,28.7,2.7,162,11.1,1002.5,79,17.0
2021-08-13,25.2,28.0,8.5,163,6.1,1001.0,85,10.0
2021-08-14,24.9,26.9,11.0,153,8.7,999.6,89,10.0
2021-08-15,24.9,26.4,22.4,154,12.3,1001.4,92,7.0
2021-08-16,24.7,26.9,18.7,161,10.7,1005.1,88,10.0
2021-08-17,24.1,28.1,0.0,172,6.3,1005.1,80,12.0
2021-08-18,24.3,29.0,0.0,308,4.8,1002.7,77,20.0
2021-08-19,24.2,29.3,0.1,321,4.2,1001.6,75,20.0
2021-08-20,24.5,28.4,3.0,161,4.5,1002.8,80,20.0
2021-08-21,25.1,28.7,6.9,183,5.7,1002.9,82,25.0
2021-08-22,24.8,28.7,0.8,170,6.8,1001.7,81,19.0
2021-08-23,24.3,28.9,3.8,184,7.3,1000.3,77,20.0
2021-08-24,24.9,28.4,8.3,168,5.4,999.2,82,18.0
2021-08-25,24.8,27.8,18.6,151,6.4,999.0,84,14.0
2021-08-26,24.4,27.3,9.2,145,8.6,999.9,85,7.0
2021-08-27,24.2,26.6,14.2,168,6.3,1000.8,87,7.0
2021-08-28,24.2,26.2,23.6,161,7.9,1001.0,89,7.0
2021-08-29,23.9,26.5,28.7,151,7.9,1001.7,86,7.0
2021-08-30,24.4,27.3,6.9,136,3.3,1002.7,85,6.0
2021-08-31,24.7,27.0,18.6,82,4.3,1003.2,88,9.0
2021-09-01,24.1,26.7,23.0,192,4.9,1002.6,87,7.0
2021-09-02,24.7,27.5,5.6,151,4.0,1001.5,86,8.0
2021-09-03,24.5,26.7,38.1,180,6.4,1000.8,88,6.0
2021-09-04,24.1,26.5,15.2,170,8.0,1001.0,87,5.0
2021-09-05,24.2,26.5,10.7,164,6.9,1002.1,88,4.0
2021-09-06,24.5,27.3,3.0,167,4.1,1003.3,86,7.0
2021-09-07,25.0,27.7,7.1,348,6.1,1002.6,86,7.0
2021-09-08,25.2,27.5,29.1,92,6.3,1000.0,88,9.0
2021-09-09,24.3,26.4,46.0,149,8.8,999.7,88,4.0
2021-09-10,24.4,26.6,12.6,146,4.9,1001.5,89,4.0
2021-09-11,24.5,26.8,5.8,203,4.4,1001.8,88,4.0
2021-09-12,24.0,28.1,2.2,281,5.7,999.7,80,8.0
2021-09-13,23.9,28.9,0.6,320,6.8,1000.0,75,10.0
2021-09-14,24.3,27.3,11.1,342,7.7,1001.2,84,7.0
2021-09-15,24.8,27.1,9.1,135,6.1,1002.1,88,6.0
2021-09-16,24.4,26.4,28.1,160,8.2,1002.7,89,5.0
2021-09-17,24.3,26.4,19.8,150,5.6,1003.1,89,8.0
2021-09-18,24.9,27.9,2.9,161,4.3,1003.4,85,10.0
2021-09-19,25.4,28.3,2.5,38,3.8,1003.0,85,8.0
2021-09-20,25.2,27.7,20.2,42,4.2,1001.6,87,8.0
2021-09-21,24.7,26.7,24.1,263,4.8,1000.9,90,5.0
2021-09-22,24.3,26.4,26.6,138,5.3,1000.6,89,4.0
2021-09-23,24.3,26.2,17.3,149,5.6,1002.2,89,5.0
2021-09-24,24.5,26.7,8.1,332,4.9,1002.4,88,4.0
2021-09-25,24.7,26.2,35.8,339,11.1,999.2,92,4.0
2021-09-26,23.3,26.2,34.9,124,14.0,1000.4,84,3.0
2021-09-27,24.2,26.0,9.5,172,4.3,1003.3,90,4.0
2021-09-28,24.8,27.4,2.9,344,3.9,1003.6,87,6.0
2021-09-29,25.1,28.4,0.2,19,4.5,1002.3,84,8.0
2021-09-30,25.5,29.0,3.4,146,2.8,1002.2,83,8.0
2021-10-01,25.7,28.4,7.7,146,6.5,1002.5,86,10.0
2021-10-02,25.3,28.4,3.3,183,3.7,1003.0,84,9.0
2021-10-03,24.7,28.0,8.6,146,5.8,1002.6,83,9.0
2021-10-04,24.6,27.8,19.3,30,4.5,1002.6,84,12.0
2021-10-05,23.8,28.3,0.0,355,5.2,1001.9,79,14.0
2021-10-06,24.8,28.3,3.9,18,3.8,999.9,83,11.0
2021-10-07,24.8,28.0,0.2,200,4.2,999.0,84,9.0
2021-10-08,24.4,28.4,0.0,162,4.2,998.6,80,13.0
2021-10-09,24.5,28.6,0.4,164,6.6,999.0,79,21.0
2021-10-10,24.8,29.1,0.2,177,5.9,997.9,79,19.0
2021-10-11,25.1,27.5,10.8,100,4.2,998.0,87,11.0
2021-10-12,24.8,27.1,8.5,129,4.9,998.7,88,8.0
2021-10-13,24.5,27.0,3.5,142,5.1,998.3,87,9.0
2021-10-14,24.6,26.3,3.8,148,5.7,997.6,91,10.0
2021-10-15,24.1,25.8,29.4,136,4.7,999.3,91,6.0
2021-10-16,23.9,25.5,41.3,116,5.8,1002.5,91,4.0
2021-10-17,23.2,25.9,8.1,8,4.7,1005.2,86,5.0
2021-10-18,23.1,24.6,19.9,348,5.0,1005.9,91,7.0
2021-10-19,23.3,25.7,11.5,83,3.6,1007.6,88,6.0
2021-10-20,24.1,27.4,0.6,182,4.3,1007.1,84,10.0
2021-10-21,24.6,27.3,10.5,159,4.3,1005.5,86,14.0
2021-10-22,23.8,26.4,15.0,117,5.2,1006.3,87,8.0
2021-10-23,23.4,25.4,16.1,334,3.9,1007.9,89,5.0
2021-10-24,23.0,25.8,3.7,25,4.2,1007.8,86,7.0
2021-10-25,22.9,26.1,0.2,91,3.9,1006.3,84,11.0
2021-10-26,22.4,26.7,0.0,94,4.4,1005.4,79,13.0
2021-10-27,22.4,26.8,0.0,62,4.3,1005.4,79,18.0
2021-10-28,22.7,26.6,0.8,34,5.3,1005.2,81,17.0
2021-10-29,23.8,26.1,28.5,77,6.5,1006.7,88,7.0
2021-10-30,24.1,26.5,3.6,348,4.8,1007.5,87,8.0
2021-10-31,24.4,26.4,9.8,107,3.5,1007.1,89,8.0
2021-11-01,24.2,26.4,2.5,28,4.9,1006.9,88,6.0
2021-11-02,24.5,26.8,2.6,347,4.9,1006.6,88,7.0
2021-11-03,24.2,26.8,5.4,302,4.7,1006.1,86,10.0
2021-11-04,23.9,27.1,0.6,16,3.7,1005.5,83,15.0
2021-11-05,23.3,27.6,0.0,12,3.5,1003.9,79,14.0
2021-11-06,23.5,27.9,0.1,23,3.3,1001.8,78,16.0
2021-11-07,23.9,28.0,0.0,36,3.5,1002.0,80,18.0
2021-11-08,23.6,27.6,7.8,113,5.3,1004.0,80,16.0
2021-11-09,23.2,26.3,0.7,321,4.4,1006.4,84,16.0
2021-11-10,21.9,26.3,0.0,351,4.3,1006.8,78,12.0
2021-11-11,20.7,26.2,0.0,18,4.6,1006.0,73,16.0
2021-11-12,21.1,26.6,0.0,91,5.5,1006.5,74,19.0
2021-11-13,20.3,26.6,0.1,88,5.5,1006.4,69,23.0
2021-11-14,22.0,26.2,1.0,171,3.3,1006.1,79,29.0
2021-11-15,21.8,26.5,0.2,56,3.7,1004.6,78,29.0
2021-11-16,22.2,27.1,0.8,58,4.1,1004.4,76,23.0
2021-11-17,22.5,27.8,0.0,30,4.8,1005.0,75,17.0
2021-11-18,22.6,27.6,1.2,133,4.6,1004.3,76,16.0
2021-11-19,22.7,27.8,0.0,154,3.1,1002.4,75,20.0
2021-11-20,22.7,28.6,0.0,161,3.6,1002.0,72,24.0
2021-11-21,22.5,28.2,0.0,45,3.4,1003.1,73,25.0
2021-11-22,23.0,27.4,1.3,42,4.6,1004.0,78,28.0
2021-11-23,21.5,27.4,0.2,156,6.3,1005.3,73,20.0
2021-11-24,19.9,26.2,0.0,227,5.0,1007.1,70,18.0
2021-11-25,20.3,26.0,0.0,335,3.9,1007.1,72,22.0
2021-11-26,20.8,26.7,0.0,134,3.7,1006.7,72,26.0
2021-11-27,19.3,26.4,0.0,324,4.6,1007.6,67,25.0
2021-11-28,16.7,25.4,0.0,22,6.3,1007.7,61,25.0
2021-11-29,17.7,25.5,0.0,16,6.7,1006.7,64,31.0
2021-11-30,16.3,25.7,0.0,47,10.4,1007.0,58,23.0
2021-12-01,14.7,25.5,0.0,49,9.1,1008.2,52,36.0
2021-12-02,15.4,24.0,0.0,42,5.3,1009.2,60,40.0
2021-12-03,14.4,23.3,0.0,20,4.9,1010.5,58,37.0
2021-12-04,12.2,21.6,0.0,23,4.7,1010.8,56,39.0
2021-12-05,10.9,20.3,0.0,26,5.4,1010.6,56,46.0
2021-12-06,12.5,21.1,0.0,14,4.4,1009.8,60,55.0
2021-12-07,14.3,21.8,0.0,13,3.6,1009.6,64,57.0
2021-12-08,13.5,22.0,0.0,11,4.1,1010.1,61,56.0
2021-12-09,16.6,23.4,0.0,12,5.8,1010.3,67,53.0
2021-12-10,18.6,25.2,0.0,70,5.6,1009.3,68,36.0
2021-12-11,18.4,25.7,0.0,74,4.0,1008.8,67,28.0
2021-12-12,16.2,24.4,0.0,56,6.5,1009.4,63,23.0
2021-12-13,16.7,23.9,0.0,67,6.2,1008.9,66,26.0
2021-12-14,16.1,23.4,0.0,12,6.3,1007.6,66,40.0
2021-12-15,15.7,23.5,0.0,358,5.6,1006.5,65,40.0
2021-12-16,15.9,23.6,0.0,341,5.2,1006.2,65,37.0
2021-12-17,16.9,24.8,0.0,360,5.5,1006.7,65,38.0
2021-12-18,15.8,25.6,0.0,51,7.4,1007.6,57,32.0
2021-12-19,13.3,23.2,0.0,24,7.4,1008.8,55,33.0
2021-12-20,13.7,22.0,0.0,333,7.4,1008.4,61,40.0
2021-12-21,15.0,22.2,0.0,323,5.5,1007.7,66,49.0
2021-12-22,15.9,23.0,0.0,3,4.4,1007.0,67,45.0
2021-12-23,16.6,23.7,0.0,153,4.8,1006.2,67,48.0
2021-12-24,17.0,23.8,0.0,115,3.3,1006.0,67,48.0
2021-12-25,19.3,24.3,0.5,320,3.9,1007.3,75,
2021-12-26,19.4,25.3,0.1,304,4.8,1009.3,72,33.0
2021-12-27,18.8,25.5,0.5,320,5.9,1010.0,68,24.0
2021-12-28,17.6,25.2,0.0,72,4.7,1009.9,64,20.0
2021-12-29,18.3,25.6,0.0,72,4.4,1009.7,66,17.0
2021-12-30,18.4,26.3,0.0,97,5.9,1010.7,64,15.0
2021-12-31,17.0,25.3,0.0,28,5.3,1010.7,62,16.0
2022-01-01,16.5,25.2,0.0,48,4.7,1010.6,61,15.0
2022-01-02,16.2,24.2,0.0,108,6.6,1010.1,62,18.0
2022-01-03,16.2,24.4,0.0,92,5.3,1008.4,62,24.0
2022-01-04,17.2,24.2,0.0,346,5.7,1008.2,67,31.0
2022-01-05,17.6,24.7,0.0,334,3.6,1007.4,67,34.0
2022-01-06,18.3,24.8,0.0,146,4.0,1007.3,70,35.0
2022-01-07,18.4,24.9,0.0,274,5.7,1008.2,70,45.0
2022-01-08,18.5,24.8,0.0,335,4.4,1008.0,70,42.0
2022-01-09,18.2,25.0,0.0,194,4.6,1006.5,68,45.0
2022-01-10,18.6,24.9,0.0,171,5.8,1006.8,71,43.0
2022-01-11,18.2,24.4,0.0,132,3.5,1007.3,71,46.0
2022-01-12,18.7,25.1,0.0,162,5.1,1008.0,70,41.0
2022-01-13,18.4,25.2,0.0,136,4.8,1008.0,68,39.0
2022-01-14,18.1,25.1,0.0,163,5.1,1007.8,67,35.0
2022-01-15,18.4,24.6,0.0,165,4.8,1007.3,71,38.0
2022-01-16,18.4,24.8,0.0,158,6.7,1007.2,70,45.0
2022-01-17,18.2,24.8,0.0,18,5.4,1007.7,69,61.0
2022-01-18,19.3,24.8,0.5,356,7.4,1007.7,72,46.0
2022-01-19,18.5,24.6,0.0,294,6.6,1006.5,71,30.0
2022-01-20,18.5,24.7,0.0,280,5.3,1005.1,70,39.0
2022-01-21,20.1,23.2,10.0,151,8.1,1005.1,83,31.0
2022-01-22,19.9,22.4,4.6,135,5.3,1004.1,86,24.0
2022-01-23,19.2,23.7,0.0,171,5.0,1004.2,78,23.0
2022-01-24,18.6,23.9,0.1,139,3.4,1004.6,74,25.0
2022-01-25,18.5,24.2,0.0,42,4.4,1004.7,73,28.0
2022-01-26,17.8,24.6,0.0,54,5.2,1004.7,67,31.0
2022-01-27,18.0,25.2,0.0,149,4.6,1004.8,66,35.0
2022-01-28,18.8,25.6,0.0,178,4.5,1004.7,69,52.0
2022-01-29,19.0,25.5,0.0,173,5.6,1003.6,70,42.0
2022-01-30,17.3,25.1,0.0,176,6.0,1002.9,64,29.0
2022-01-31,15.5,24.1,0.0,343,6.6,1003.2,60,60.0
2022-02-01,19.5,24.4,0.7,165,9.0,1003.8,75,40.0
2022-02-02,21.2,25.8,1.0,146,5.3,1005.2,77,26.0
2022-02-03,21.1,25.6,0.6,143,7.6,1005.6,77,20.0
2022-02-04,21.6,24.8,13.9,16,6.5,1006.2,83,24.0
2022-02-05,20.9,24.1,2.1,337,4.5,1007.5,83,19.0
2022-02-06,18.6,23.8,0.0,181,5.9,1007.5,73,17.0
2022-02-07,19.9,25.3,0.0,171,4.7,1005.7,74,27.0
2022-02-08,18.5,25.7,0.0,356,6.0,1005.2,67,26.0
2022-02-09,19.1,26.2,0.0,47,5.3,1005.0,67,30.0
2022-02-10,20.2,26.8,0.0,170,5.0,1004.4,70,39.0
2022-02-11,22.3,25.9,3.0,151,7.4,1004.0,81,38.0
2022-02-12,23.1,26.4,0.9,152,8.8,1003.0,83,26.0
2022-02-13,22.9,27.0,0.2,161,5.1,1001.5,79,31.0
2022-02-14,22.4,25.8,4.0,115,6.6,1003.2,82,29.0
2022-02-15,22.2,24.3,25.1,329,6.0,1004.5,89,27.0
2022-02-16,21.7,24.1,0.2,165,5.2,1003.2,87,22.0
2022-02-17,22.0,24.7,0.5,165,5.2,1002.1,86,21.0
2022-02-18,22.7,26.3,0.5,166,10.1,1002.6,82,17.0
2022-02-19,23.4,26.5,34.9,168,7.1,1003.2,84,10.0
2022-02-20,23.2,25.2,16.6,155,7.9,1001.8,89,7.0
2022-02-21,19.2,23.9,1.5,140,9.4,1005.2,76,12.0
2022-02-22,17.6,22.7,0.0,195,4.3,1008.3,74,18.0
2022-02-23,17.8,23.0,0.0,205,5.2,1009.5,74,28.0
2022-02-24,17.7,23.3,0.0,50,5.0,1010.6,73,29.0
2022-02-25,17.5,23.1,0.0,18,5.4,1010.2,73,33.0
2022-02-26,17.6,23.4,0.0,30,5.1,1009.3,72,40.0
2022-02-27,17.9,24.4,0.0,146,5.2,1007.6,70,48.0
2022-02-28,19.2,25.5,0.0,76,4.4,1006.5,71,58.0
2022-03-01,19.8,26.5,0.0,71,3.8,1005.4,69,62.0
2022-03-02,20.6,27.4,0.0,153,6.5,1005.0,68,63.0
2022-03-03,21.4,28.1,0.0,143,6.0,1004.8,68,54.0
2022-03-04,22.4,29.0,0.0,166,6.0,1003.4,69,52.0
2022-03-05,22.6,29.6,0.0,159,6.4,1002.0,68,58.0
2022-03-06,23.1,29.3,0.1,164,8.8,1002.6,71,46.0
2022-03-07,23.0,28.6,2.5,114,8.3,1004.3,73,19.0
2022-03-08,20.2,27.5,0.1,258,6.0,1005.4,66,16.0
2022-03-09,20.3,27.9,0.0,161,5.3,1003.7,65,33.0
2022-03-10,21.8,29.3,0.0,159,5.1,1002.1,66,38.0
2022-03-11,22.6,30.2,0.0,155,7.3,1001.2,66,45.0
2022-03-12,22.4,30.6,1.0,159,7.9,1000.8,64,45.0
2022-03-13,22.3,31.2,0.0,164,7.1,1000.7,61,55.0
2022-03-14,23.3,30.5,4.8,137,8.3,1001.3,68,44.0
2022-03-15,22.6,31.1,0.0,156,8.7,999.9,62,39.0
2022-03-16,21.3,30.9,0.0,163,10.9,1000.0,58,34.0
2022-03-17,22.7,29.0,13.5,148,7.3,1001.0,70,28.0
2022-03-18,22.6,28.2,19.8,136,9.3,1001.5,74,25.0
2022-03-19,21.2,28.0,0.0,173,6.4,1000.7,68,25.0
2022-03-20,22.8,28.1,2.9,155,8.2,1001.0,74,26.0
2022-03-21,23.3,28.2,0.5,156,11.1,1002.4,76,19.0
2022-03-22,22.7,28.9,0.2,166,11.5,1002.8,71,16.0
2022-03-23,23.9,28.1,10.1,153,7.8,1003.0,79,15.0
2022-03-24,23.5,28.1,1.8,155,8.9,1002.3,78,13.0
2022-03-25,22.4,29.1,0.0,177,7.9,1002.7,70,23.0
2022-03-26,22.6,29.7,0.0,158,7.7,1003.9,67,22.0
2022-03-27,22.8,30.2,0.0,164,7.7,1003.3,66,30.0
2022-03-28,22.8,29.1,9.2,149,10.6,1003.2,70,29.0
2022-03-29,22.4,27.8,22.3,144,8.6,1003.6,74,20.0
2022-03-30,22.6,27.4,4.2,136,6.2,1003.9,77,22.0
2022-03-31,22.4,28.8,0.0,55,4.5,1003.4,71,27.0
2022-04-01,22.3,27.9,2.1,82,6.7,1004.6,72,24.0
2022-04-02,18.7,27.0,0.7,55,7.9,1008.0,62,10.0
2022-04-03,15.4,24.8,0.0,65,10.0,1009.6,57,28.0
2022-04-04,17.3,25.7,0.0,16,4.9,1009.2,61,35.0
2022-04-05,18.6,27.4,0.0,83,4.3,1008.0,61,39.0
2022-04-06,20.8,28.8,0.1,74,5.3,1006.4,64,45.0
2022-04-07,19.3,29.3,0.0,93,6.8,1006.0,57,73.0
2022-04-08,18.9,28.9,0.0,124,4.7,1005.5,56,87.0
2022-04-09,19.5,29.0,0.0,146,5.2,1003.4,58,98.0
2022-04-10,19.4,29.4,0.0,149,6.4,1002.2,56,96.0
2022-04-11,21.6,29.4,0.4,156,8.6,1001.1,64,85.0
2022-04-12,21.8,29.6,0.0,160,7.7,1000.1,64,55.0
2022-04-13,22.1,29.8,0.0,154,7.4,999.2,65,61.0
2022-04-14,22.0,29.9,0.0,157,5.8,999.3,64,61.0
2022-04-15,21.4,30.4,0.0,124,6.1,999.3,60,57.0
2022-04-16,21.9,30.9,0.0,131,7.7,999.2,60,50.0
2022-04-17,22.9,30.4,1.7,154,10.8,1000.9,65,39.0
2022-04-18,23.3,28.0,10.6,129,6.1,1004.1,76,21.0
2022-04-19,23.4,26.9,1.9,92,5.2,1005.7,82,15.0
2022-04-20,22.5,27.2,0.4,14,6.2,1004.4,77,17.0
2022-04-21,22.7,27.7,3.2,120,7.6,1003.0,76,30.0
2022-04-22,22.8,28.8,8.8,172,7.0,1002.7,72,24.0
2022-04-23,23.1,29.8,0.0,157,7.7,1001.8,68,24.0
2022-04-24,22.5,30.8,0.0,153,6.8,1000.3,63,29.0
2022-04-25,22.8,31.5,0.0,161,7.8,999.8,61,29.0
2022-04-26,22.7,32.1,0.0,151,7.2,999.9,59,26.0
2022-04-27,22.9,32.2,0.0,153,7.2,999.7,59,31.0
2022-04-28,24.5,30.8,11.4,151,7.5,1000.1,70,35.0
2022-04-29,23.8,28.8,0.1,111,8.1,1001.7,75,12.0
2022-04-30,23.4,29.7,1.0,115,7.1,1000.5,70,17.0
2022-05-01,23.8,28.6,1.5,348,7.3,1000.0,76,13.0
2022-05-02,23.2,26.0,11.7,255,4.9,1002.5,85,8.0
2022-05-03,18.5,26.1,0.0,158,5.1,1005.8,65,13.0
2022-05-04,17.7,26.2,0.0,191,5.8,1005.1,61,21.0
2022-05-05,20.3,27.7,0.3,165,4.7,1002.5,66,23.0
2022-05-06,23.1,28.6,1.6,137,5.1,1001.4,74,24.0
2022-05-07,24.2,27.5,16.1,342,4.9,1002.2,83,15.0
2022-05-08,24.7,26.8,8.1,347,4.2,1002.4,89,8.0
2022-05-09,24.5,28.0,4.3,137,4.4,1002.1,83,8.0
2022-05-10,24.3,27.8,4.9,165,6.0,1002.1,82,8.0
2022-05-11,24.4,27.6,11.6,159,6.1,1001.6,83,8.0
2022-05-12,24.5,28.2,5.3,168,7.1,1000.5,81,8.0
2022-05-13,24.3,29.2,0.6,178,7.8,999.7,76,12.0
2022-05-14,24.9,29.5,4.5,161,5.0,1000.4,78,13.0
2022-05-15,24.8,29.1,9.7,145,5.8,1001.5,79,12.0
2022-05-16,24.5,29.5,10.4,135,6.5,1001.1,75,13.0
2022-05-17,24.2,26.1,43.3,131,8.0,1002.6,90,9.0
2022-05-18,24.0,26.3,20.7,143,5.1,1003.3,88,8.0
2022-05-19,24.3,26.5,24.5,148,7.5,1002.7,88,5.0
2022-05-20,24.1,26.6,17.9,150,14.5,999.5,87,6.0
2022-05-21,24.3,25.8,42.4,157,17.1,995.9,92,5.0
2022-05-22,23.8,26.8,9.2,172,12.1,994.9,84,10.0
2022-05-23,24.5,27.5,7.3,158,8.2,996.7,84,13.0
2022-05-24,24.4,27.5,3.4,159,7.2,999.9,84,9.0
2022-05-25,24.2,27.8,0.7,190,5.4,1001.3,82,13.0
2022-05-26,23.8,28.6,0.5,236,7.9,999.0,77,17.0
2022-05-27,23.6,28.7,0.0,233,7.0,997.5,75,15.0
2022-05-28,24.3,28.5,3.6,202,7.1,996.9,79,19.0
2022-05-29,24.5,27.8,22.2,167,6.6,997.7,83,17.0
2022-05-30,24.4,28.5,3.2,181,6.8,997.8,79,17.0
2022-05-31,24.3,27.3,13.2,141,5.6,998.4,85,13.0
2022-06-01,24.3,28.6,0.4,172,4.7,999.2,79,14.0
2022-06-02,24.8,29.1,0.2,156,6.0,999.3,79,21.0
2022-06-03,24.4,27.9,5.0,161,8.3,1000.1,82,11.0
2022-06-04,24.2,27.9,36.2,172,10.4,1001.1,82,6.0
2022-06-05,24.5,27.2,3.0,158,6.4,1000.7,86,4.0
2022-06-06,24.4,27.2,2.7,149,5.7,999.9,85,4.0
2022-06-07,24.1,27.5,2.9,163,7.8,1000.0,83,5.0
2022-06-08,23.4,27.9,0.3,176,7.0,1000.4,78,7.0
2022-06-09,24.1,27.8,5.7,158,8.0,1000.3,81,7.0
2022-06-10,24.3,27.2,3.8,152,6.5,1000.6,85,7.0
2022-06-11,24.6,27.7,2.6,147,5.3,1001.2,84,8.0
2022-06-12,24.2,28.0,0.1,191,4.3,1001.6,80,8.0
2022-06-13,24.2,28.4,2.5,201,4.9,1001.2,79,8.0
2022-06-14,24.1,29.1,0.2,161,7.7,1000.7,75,9.0
2022-06-15,24.3,27.5,17.4,135,6.5,1002.0,83,10.0
2022-06-16,24.4,28.1,1.8,175,7.1,1002.8,81,10.0
2022-06-17,24.5,28.2,0.4,160,4.7,1002.4,81,9.0
2022-06-18,23.7,26.9,2.1,156,4.4,1002.3,83,6.0
2022-06-19,23.6,29.2,0.9,239,7.4,1000.9,73,5.0
2022-06-20,23.2,28.8,0.1,250,6.8,998.9,73,5.0
2022-06-21,23.7,28.4,2.7,169,6.9,998.5,77,5.0
2022-06-22,24.0,28.8,0.1,155,5.3,1000.8,77,5.0
2022-06-23,23.9,28.8,19.4,172,6.2,1001.7,76,8.0
2022-06-24,24.0,28.0,2.1,173,4.2,1000.8,80,10.0
2022-06-25,24.2,27.5,9.9,158,6.9,999.9,83,8.0
2022-06-26,24.0,27.6,6.2,155,7.9,1001.4,82,8.0
2022-06-27,24.1,28.1,0.9,156,10.0,1002.1,80,8.0
2022-06-28,23.9,28.7,0.0,179,5.7,1000.4,77,5.0
2022-06-29,24.4,29.0,0.2,184,5.2,997.7,78,7.0
2022-06-30,24.7,28.4,10.4,245,5.8,996.4,82,10.0
2022-07-01,24.8,27.8,12.9,168,6.6,996.2,84,8.0
2022-07-02,24.1,27.5,2.4,169,7.8,996.1,83,8.0
2022-07-03,24.5,27.8,4.7,162,8.4,997.3,83,9.0
2022-07-04,24.6,28.2,2.0,161,7.6,997.2,81,6.0
2022-07-05,24.4,28.8,6.3,163,8.6,997.9,78,6.0
2022-07-06,24.9,28.3,4.0,130,4.6,999.6,82,9.0
2022-07-07,25.0,27.8,14.8,173,5.1,1000.0,85,15.0
2022-07-08,25.0,27.3,8.2,166,5.6,999.3,88,7.0
2022-07-09,24.1,26.1,23.1,155,7.3,998.6,89,5.0
2022-07-10,24.3,26.2,48.9,146,5.0,999.1,90,4.0
2022-07-11,25.0,26.6,31.8,180,4.3,999.3,91,6.0
2022-07-12,24.8,26.9,25.0,182,4.6,998.1,89,9.0
2022-07-13,24.5,25.9,18.4,260,3.6,997.5,93,6.0
2022-07-14,24.6,26.7,10.7,198,5.1,997.3,89,5.0
2022-07-15,25.0,27.5,9.0,176,3.9,998.6,86,7.0
2022-07-16,24.9,27.6,16.8,175,5.8,999.7,86,13.0
2022-07-17,24.6,28.0,29.3,199,5.7,1000.8,83,9.0
2022-07-18,25.0,29.0,1.0,202,6.6,999.5,80,13.0
2022-07-19,24.8,29.6,1.4,242,7.7,998.1,76,13.0
2022-07-20,25.3,28.1,11.5,160,4.3,998.7,86,7.0
2022-07-21,24.5,26.5,18.7,159,8.4,1000.1,89,5.0
2022-07-22,23.9,26.3,36.3,161,9.9,1002.4,87,5.0
2022-07-23,23.9,26.9,10.4,148,6.5,1002.7,85,5.0
2022-07-24,24.8,27.4,2.0,171,4.7,1001.7,86,8.0
2022-07-25,25.2,27.6,20.4,224,3.9,1002.2,87,10.0
2022-07-26,25.5,28.8,0.1,101,4.0,1001.7,84,13.0
2022-07-27,25.7,29.1,0.7,155,5.3,1001.0,83,18.0
2022-07-28,25.5,29.1,3.6,157,7.5,1001.0,81,22.0
2022-07-29,25.1,29.3,0.0,158,7.0,1000.1,79,22.0
2022-07-30,25.2,29.2,0.7,171,6.0,999.3,79,19.0
2022-07-31,24.7,27.7,7.1,202,6.7,998.7,84,12.0
2022-08-01,24.9,27.7,5.1,162,8.2,998.6,86,10.0
2022-08-02,24.4,26.8,27.0,155,9.0,999.7,87,8.0
2022-08-03,24.5,27.3,23.5,163,10.0,1001.4,85,12.0
2022-08-04,24.5,27.4,9.5,185,4.7,1001.2,85,7.0
2022-08-05,24.3,27.0,10.8,165,7.2,1000.1,86,7.0
2022-08-06,24.2,26.9,14.4,174,8.3,998.8,85,12.0
2022-08-07,24.2,26.5,64.1,161,7.4,998.8,88,7.0
2022-08-08,23.9,25.5,29.9,166,8.7,1000.2,91,4.0
2022-08-09,24.0,26.0,9.3,179,5.2,999.7,89,5.0
2022-08-10,24.2,26.7,24.5,211,5.4,998.2,87,7.0
2022-08-11,24.3,26.3,18.7,172,7.1,997.7,89,10.0
2022-08-12,23.9,25.7,22.7,156,10.7,999.5,90,7.0
2022-08-13,24.1,27.0,5.5,160,8.7,1001.5,85,13.0
2022-08-14,24.7,27.4,4.6,134,3.2,1002.1,86,17.0
2022-08-15,24.9,27.3,23.9,192,6.0,1000.9,88,13.0
2022-08-16,24.2,26.0,24.5,168,8.8,999.1,90,5.0
2022-08-17,23.6,26.5,21.6,151,12.0,999.2,85,11.0
2022-08-18,24.1,27.1,13.1,166,7.0,1000.1,85,13.0
2022-08-19,24.6,27.5,10.9,212,4.0,1000.0,85,14.0
2022-08-20,24.0,27.4,11.0,274,7.9,998.6,82,19.0
2022-08-21,24.8,26.2,17.0,154,6.2,997.6,93,12.0
2022-08-22,24.4,27.0,27.7,157,9.7,999.1,86,7.0
2022-08-23,24.2,28.3,0.3,177,4.4,1000.8,80,13.0
2022-08-24,24.1,29.0,0.0,263,5.3,999.6,76,19.0
2022-08-25,24.8,26.6,40.4,172,5.7,997.8,90,6.0
2022-08-26,24.1,25.6,33.5,155,12.8,999.0,92,8.0
2022-08-27,23.6,27.2,2.6,154,9.8,1001.8,82,8.0
2022-08-28,24.6,27.9,3.9,114,4.3,1002.0,83,10.0
2022-08-29,25.3,27.6,25.0,50,5.3,1002.6,88,12.0
2022-08-30,25.2,27.6,4.2,132,4.2,1003.0,88,14.0
2022-08-31,24.8,28.0,4.8,172,4.9,1001.8,84,18.0
2022-09-01,24.7,27.4,11.4,204,3.9,1002.2,86,26.0
2022-09-02,25.5,28.5,2.0,79,4.2,1001.7,85,21.0
2022-09-03,24.9,28.0,12.0,154,5.3,1000.6,84,19.0
2022-09-04,24.7,27.8,7.2,180,6.6,1001.1,84,14.0
2022-09-05,24.8,27.1,26.3,166,4.7,1001.7,88,12.0
2022-09-06,24.3,26.7,48.6,6,5.0,1001.7,88,7.0
2022-09-07,24.3,26.4,9.5,124,3.8,1002.8,89,10.0
2022-09-08,24.0,25.6,22.9,225,4.5,1003.5,91,15.0
2022-09-09,24.2,25.6,21.0,221,3.2,1003.7,92,12.0
2022-09-10,23.9,26.3,24.8,157,4.7,1003.8,88,7.0
2022-09-11,23.9,25.7,19.7,124,4.6,1003.6,90,6.0
2022-09-12,24.3,26.9,3.1,327,4.3,1002.7,87,8.0
2022-09-13,24.0,27.9,0.1,287,4.2,1003.0,81,14.0
2022-09-14,24.2,27.0,18.3,177,5.0,1003.4,86,10.0
2022-09-15,24.0,27.1,21.8,179,6.6,1002.0,84,7.0
2022-09-16,24.2,26.9,3.2,160,5.5,999.9,86,6.0
2022-09-17,24.3,27.1,3.5,141,5.4,1000.2,85,6.0
2022-09-18,24.1,26.1,24.2,107,5.8,1001.7,89,6.0
2022-09-19,24.1,26.3,19.6,154,5.3,1002.5,88,7.0
2022-09-20,23.4,26.9,3.9,316,6.5,1001.5,82,9.0
2022-09-21,24.1,27.1,6.2,353,5.3,1001.0,84,9.0
2022-09-22,24.0,26.3,19.9,94,5.6,1001.4,88,10.0
2022-09-23,23.8,25.7,15.7,58,3.5,1001.9,90,7.0
2022-09-24,23.8,26.1,22.3,8,4.2,1001.5,88,7.0
2022-09-25,23.5,25.3,28.4,145,6.0,1001.5,90,5.0
2022-09-26,23.4,25.3,34.9,160,7.5,1002.6,89,4.0
2022-09-27,23.6,26.3,0.3,57,4.0,1001.0,86,8.0
2022-09-28,24.3,26.9,0.6,340,6.2,997.8,87,17.0
2022-09-29,24.7,26.5,46.1,334,6.8,996.2,90,18.0
2022-09-30,24.2,25.7,35.0,206,6.7,997.9,92,9.0
2022-10-01,23.8,26.2,44.6,158,11.2,1000.2,87,10.0
2022-10-02,24.1,26.0,25.8,125,4.3,1002.1,90,10.0
2022-10-03,23.9,25.5,28.0,348,4.0,1003.1,91,7.0
2022-10-04,23.8,26.1,23.2,332,6.2,1004.9,88,7.0
2022-10-05,24.2,26.5,6.5,6,5.6,1005.0,88,8.0
2022-10-06,24.2,26.5,9.0,17,5.2,1005.1,88,8.0
2022-10-07,23.9,26.2,16.2,333,5.4,1005.2,88,7.0
2022-10-08,24.2,26.4,8.7,9,5.6,1005.6,88,8.0
2022-10-09,24.5,26.5,11.4,14,5.1,1005.9,89,8.0
2022-10-10,24.0,25.8,20.7,245,5.4,1007.1,91,8.0
2022-10-11,22.8,26.1,0.2,100,4.3,1007.2,84,12.0
2022-10-12,22.5,26.6,0.5,50,3.1,1006.1,80,17.0
2022-10-13,23.6,27.0,0.6,140,2.9,1004.8,83,19.0
2022-10-14,23.4,26.3,5.6,13,4.5,1003.4,85,23.0
2022-10-15,22.3,25.2,1.2,158,6.5,1003.1,84,22.0
2022-10-16,21.5,24.2,2.0,265,3.2,1005.9,85,24.0
2022-10-17,20.6,25.8,0.0,31,5.3,1005.6,75,32.0
2022-10-18,19.9,25.9,0.0,63,6.0,1004.9,72,39.0
2022-10-19,19.5,25.5,0.0,52,5.5,1004.7,72,41.0
2022-10-20,19.9,25.4,0.0,76,3.5,1005.4,74,38.0
2022-10-21,20.6,26.0,0.3,76,5.3,1006.8,74,22.0
2022-10-22,22.6,26.7,0.5,39,5.3,1006.9,80,18.0
2022-10-23,22.2,27.6,0.0,159,3.5,1006.7,75,20.0
2022-10-24,21.4,27.8,0.0,121,4.8,1005.2,71,35.0
2022-10-25,21.7,28.0,0.0,87,4.1,1005.3,71,39.0
2022-10-26,23.0,27.7,0.7,40,4.3,1005.0,76,28.0
2022-10-27,23.8,28.0,0.8,322,4.6,1004.6,79,14.0
2022-10-28,22.6,28.5,0.0,66,5.3,1004.0,73,16.0
2022-10-29,19.6,27.3,0.0,56,5.5,1004.7,65,24.0
2022-10-30,19.9,27.4,0.0,71,5.0,1004.6,66,32.0
2022-10-31,20.1,27.3,0.0,38,4.1,1004.8,67,34.0
2022-11-01,20.2,26.6,0.2,195,3.9,1005.2,70,32.0
2022-11-02,20.4,26.8,0.0,169,3.8,1004.5,71,30.0
2022-11-03,18.8,26.8,0.0,157,5.0,1005.0,64,31.0
2022-11-04,17.8,26.6,0.0,89,5.7,1007.0,62,29.0
2022-11-05,17.3,25.8,0.0,117,4.6,1008.7,61,31.0
2022-11-06,18.5,26.2,0.0,8,4.1,1008.2,65,37.0
2022-11-07,17.8,26.2,0.0,359,4.0,1007.3,63,32.0
2022-11-08,18.8,26.0,0.0,72,3.8,1007.0,67,38.0
2022-11-09,18.3,26.0,0.0,33,4.8,1006.9,66,35.0
2022-11-10,17.1,25.7,0.0,7,5.4,1006.9,62,32.0
2022-11-11,18.8,26.4,0.0,349,5.4,1006.3,65,32.0
2022-11-12,19.7,26.8,0.0,335,6.4,1005.3,67,35.0
2022-11-13,20.7,27.6,0.0,337,5.2,1004.6,68,32.0
2022-11-14,22.6,27.1,3.3,65,4.8,1005.2,77,24.0
2022-11-15,23.7,27.1,11.6,150,4.2,1004.9,83,21.0
2022-11-16,23.0,27.5,0.7,18,4.5,1003.7,78,17.0
2022-11-17,23.5,27.4,9.4,9,4.7,1003.3,81,17.0
2022-11-18,23.5,26.5,8.2,1,5.2,1004.7,84,10.0
2022-11-19,23.4,27.3,0.6,9,4.5,1004.3,81,15.0
2022-11-20,23.1,27.7,0.2,357,4.4,1003.0,79,15.0
2022-11-21,22.7,28.2,0.0,302,3.0,1001.9,74,26.0
2022-11-22,21.6,28.7,0.0,359,5.7,1001.6,68,28.0
2022-11-23,22.7,27.0,3.8,33,5.0,1002.3,78,31.0
2022-11-24,23.9,25.9,27.5,323,3.2,1003.4,89,13.0
2022-11-25,23.9,25.7,9.5,247,3.4,1005.2,91,11.0
2022-11-26,23.7,25.6,3.8,92,3.7,1004.7,90,13.0
2022-11-27,23.6,26.2,2.1,154,5.8,1003.5,86,14.0
2022-11-28,23.9,27.0,0.3,155,3.8,1004.0,84,25.0
2022-11-29,24.1,27.6,1.7,99,3.9,1004.4,82,34.0
2022-11-30,24.3,27.4,4.2,66,3.8,1004.8,84,26.0
2022-12-01,23.8,26.7,4.1,189,5.1,1005.2,84,23.0
2022-12-02,22.5,26.9,0.3,107,5.2,1005.1,79,14.0
2022-12-03,21.8,26.7,0.1,67,4.0,1005.1,77,16.0
2022-12-04,21.9,27.1,0.0,65,3.9,1005.3,75,17.0
2022-12-05,22.0,26.6,1.5,103,4.6,1006.1,77,21.0
2022-12-06,21.6,26.3,0.1,110,3.8,1005.6,77,27.0
2022-12-07,21.3,26.6,0.2,118,4.1,1005.5,75,23.0
2022-12-08,20.6,26.8,0.0,116,4.0,1005.5,70,26.0
2022-12-09,21.0,27.0,0.1,143,3.5,1004.9,71,36.0
2022-12-10,21.1,26.9,0.5,168,4.7,1004.5,72,35.0
2022-12-11,20.8,26.4,0.5,130,6.6,1005.1,73,40.0
2022-12-12,20.1,25.8,0.0,143,5.5,1005.9,72,38.0
2022-12-13,17.9,24.9,0.1,146,4.9,1007.5,66,40.0
2022-12-14,16.2,23.5,0.0,77,5.9,1008.5,67,43.0
2022-12-15,15.0,22.0,0.0,150,4.7,1006.7,66,47.0
2022-12-16,17.0,22.9,0.0,29,3.8,1005.4,72,47.0
2022-12-17,16.3,24.7,0.0,57,8.9,1007.3,62,45.0
2022-12-18,9.4,23.3,0.0,49,10.7,1009.7,41,48.0
2022-12-19,10.3,20.9,0.0,22,4.6,1008.6,51,48.0
2022-12-20,13.5,21.0,0.0,116,3.9,1006.5,65,48.0
2022-12-21,16.0,22.6,0.0,45,4.6,1005.8,69,49.0
2022-12-22,17.7,23.5,0.0,197,5.0,1005.2,72,47.0
2022-12-23,18.4,24.3,0.0,153,5.1,1005.6,71,47.0
2022-12-24,17.9,24.4,0.1,185,4.4,1007.5,69,48.0
2022-12-25,16.2,23.7,0.0,130,3.8,1009.3,65,39.0
2022-12-26,16.2,23.2,0.0,125,4.4,1010.2,67,42.0
2022-12-27,16.2,23.4,0.0,178,4.6,1009.5,67,42.0
2022-12-28,16.3,23.2,0.0,149,4.2,1009.7,68,41.0
2022-12-29,16.8,23.7,0.0,165,4.0,1010.5,67,43.0
2022-12-30,17.2,23.1,0.2,179,5.1,1011.5,71,38.0
2022-12-31,16.0,23.2,0.0,88,4.5,1011.4,66,30.0
2023-01-01,15.4,22.5,0.0,329,5.2,1011.0,67,25.0
2023-01-02,13.9,21.9,0.0,18,4.5,1011.2,62,33.0
2023-01-03,16.2,24.5,0.0,19,5.4,1010.7,61,29.0
2023-01-04,17.6,25.4,0.0,350,4.8,1009.9,64,36.0
2023-01-05,17.9,24.9,0.0,345,4.9,1009.5,68,33.0
2023-01-06,14.8,24.9,0.0,54,8.6,1010.4,55,25.0
2023-01-07,13.4,24.2,0.0,1,7.8,1009.2,52,28.0
2023-01-08,14.7,23.9,0.0,327,7.1,1008.4,57,45.0
2023-01-09,17.1,25.2,0.0,328,6.4,1008.4,62,41.0
2023-01-10,19.0,25.9,0.4,61,5.6,1006.7,67,46.0
2023-01-11,20.8,25.5,1.8,102,5.5,1005.7,76,31.0
2023-01-12,20.4,25.3,0.2,188,4.6,1004.9,76,28.0
2023-01-13,20.0,25.8,0.0,162,5.5,1005.3,72,38.0
2023-01-14,18.4,24.9,0.0,16,4.3,1003.8,70,39.0
2023-01-15,15.4,24.5,0.0,337,7.1,1003.5,60,41.0
2023-01-16,14.1,22.8,0.0,121,5.4,1005.4,61,45.0
2023-01-17,16.7,23.8,0.0,147,5.9,1007.1,66,46.0
2023-01-18,16.7,25.2,0.0,214,6.3,1009.0,60,46.0
2023-01-19,16.3,24.0,0.0,333,5.4,1008.8,64,42.0
2023-01-20,16.1,23.7,0.0,179,4.5,1008.6,65,44.0
2023-01-21,15.7,23.3,0.0,326,5.4,1007.4,66,46.0
2023-01-22,16.2,23.2,0.0,319,5.5,1005.9,67,51.0
2023-01-23,16.7,23.9,0.0,265,4.6,1005.0,67,55.0
2023-01-24,15.7,25.2,0.0,69,8.3,1006.7,59,55.0
2023-01-25,13.0,23.2,0.0,297,6.2,1008.1,54,47.0
2023-01-26,15.4,22.5,0.0,209,5.9,1006.9,67,55.0
2023-01-27,15.2,24.1,0.0,62,6.1,1006.5,61,68.0
2023-01-28,11.6,23.2,0.0,61,6.6,1007.9,50,47.0
2023-01-29,9.6,21.9,0.0,57,9.1,1009.5,48,62.0
2023-01-30,9.4,20.8,0.0,59,6.3,1010.0,50,70.0
2023-01-31,13.3,21.6,0.0,180,5.6,1006.7,63,75.0
2023-02-01,15.2,23.3,0.0,209,5.2,1004.6,65,98.0
2023-02-02,15.8,25.2,0.0,98,4.9,1004.6,60,148.0
2023-02-03,18.7,26.3,0.1,157,7.8,1004.8,64,140.0
2023-02-04,21.4,27.5,0.3,168,7.4,1004.2,72,73.0
2023-02-05,21.8,26.6,4.7,163,9.0,1004.0,76,42.0
2023-02-06,20.5,27.7,0.0,206,5.8,1003.5,68,46.0
2023-02-07,19.5,28.1,0.0,175,6.5,1003.4,62,49.0
2023-02-08,18.6,27.7,0.0,179,6.4,1003.6,63,49.0
2023-02-09,20.6,27.5,0.3,182,6.0,1003.6,67,50.0
2023-02-10,21.4,28.9,0.7,169,6.9,1003.8,67,46.0
2023-02-11,20.9,28.7,0.0,176,7.4,1003.7,66,49.0
2023-02-12,19.2,28.6,0.0,180,5.9,1003.9,61,48.0
2023-02-13,19.6,28.0,0.0,167,6.0,1004.0,62,63.0
2023-02-14,20.1,28.0,0.0,160,5.7,1003.9,65,82.0
2023-02-15,20.5,26.7,1.2,174,6.4,1005.8,70,75.0
2023-02-16,19.3,26.3,0.4,149,4.1,1008.4,68,46.0
2023-02-17,16.0,26.2,0.0,356,7.3,1008.5,55,58.0
2023-02-18,16.1,24.8,0.0,313,3.5,1007.7,59,85.0
2023-02-19,17.7,26.3,0.0,69,5.0,1006.4,62,136.0
2023-02-20,17.8,26.7,0.3,208,6.0,1006.5,60,90.0
2023-02-21,17.3,26.6,0.0,193,5.0,1007.3,59,95.0
2023-02-22,16.3,26.8,0.0,153,5.0,1007.1,55,92.0
2023-02-23,16.2,26.7,0.0,190,5.4,1006.2,55,104.0
2023-02-24,17.5,27.5,0.0,172,5.2,1005.9,57,95.0
2023-02-25,15.9,27.4,0.0,130,6.4,1009.6,51,70.0
2023-02-26,12.0,25.4,0.0,80,7.0,1013.0,45,74.0
2023-02-27,11.0,23.5,0.0,71,6.0,1012.8,48,86.0
2023-02-28,12.5,24.0,0.0,31,6.0,1010.8,52,138.0
2023-03-01,14.4,26.1,0.0,282,6.4,1009.3,52,184.0
2023-03-02,14.9,27.0,0.0,152,5.5,1008.9,51,182.0
2023-03-03,16.1,26.4,0.0,209,5.6,1010.2,55,134.0
2023-03-04,15.8,26.4,0.0,192,5.6,1011.0,55,139.0
2023-03-05,15.8,26.5,0.0,251,6.1,1010.3,55,116.0
2023-03-06,16.5,26.8,0.0,238,5.9,1008.9,56,114.0
2023-03-07,16.3,27.7,0.0,204,5.6,1007.9,53,109.0
2023-03-08,16.4,28.4,0.0,178,5.7,1007.3,50,107.0
2023-03-09,17.3,29.8,0.0,173,7.1,1006.1,49,120.0
2023-03-10,18.0,29.2,0.0,195,7.0,1005.7,53,105.0
2023-03-11,19.5,30.1,0.0,169,6.6,1005.0,55,111.0
2023-03-12,21.6,29.5,6.7,142,8.4,1005.2,64,102.0
2023-03-13,20.1,25.9,10.9,332,9.6,1007.8,72,
2023-03-14,18.5,26.6,0.0,324,4.7,1005.6,62,63.0
2023-03-15,19.9,27.6,0.1,160,4.8,1004.4,65,70.0
2023-03-16,20.6,28.5,0.5,147,6.0,1005.4,64,69.0
2023-03-17,21.7,27.8,3.6,237,5.7,1005.2,71,70.0
2023-03-18,22.0,29.4,1.1,180,4.8,1003.7,66,46.0
2023-03-19,21.0,30.1,0.0,177,7.3,1002.7,60,50.0
2023-03-20,20.6,30.0,0.0,216,5.6,1002.2,59,48.0
2023-03-21,20.5,30.4,0.0,188,7.0,1001.7,58,52.0
2023-03-22,19.2,31.4,0.0,212,8.2,1000.3,51,47.0
2023-03-23,17.5,31.4,0.0,208,7.9,1000.1,45,49.0
2023-03-24,17.5,31.2,0.0,215,6.5,1001.1,46,54.0
2023-03-25,17.2,31.0,0.0,191,6.9,1001.4,46,60.0
2023-03-26,17.6,30.4,0.0,178,7.3,1001.0,49,56.0
2023-03-27,19.0,30.6,0.0,169,7.8,1001.1,52,84.0
2023-03-28,20.3,31.3,0.0,168,10.8,1002.5,53,49.0
2023-03-29,20.8,31.2,0.4,170,11.0,1003.4,56,43.0
2023-03-30,19.1,30.8,0.0,179,10.3,1001.7,53,49.0
2023-03-31,19.7,30.8,0.0,167,7.3,1001.4,54,62.0
2023-04-01,20.4,30.8,0.0,167,10.5,1001.2,56,74.0
2023-04-02,19.8,31.1,0.0,188,8.5,1000.9,54,57.0
2023-04-03,17.6,31.0,0.0,204,8.2,1000.4,48,52.0
2023-04-04,17.3,30.9,0.0,206,7.4,1000.1,47,66.0
2023-04-05,17.2,31.1,0.0,166,5.2,1000.4,46,94.0
2023-04-06,18.0,31.0,0.0,165,5.9,1001.2,48,96.0
2023-04-07,19.4,31.9,0.0,163,10.6,1002.5,50,103.0
2023-04-08,21.9,32.2,0.0,157,11.8,1004.7,56,62.0
2023-04-09,22.1,31.1,1.1,157,11.7,1005.3,60,58.0
2023-04-10,20.9,32.5,0.0,164,8.8,1002.8,52,77.0
2023-04-11,21.8,32.8,0.0,167,7.7,1001.6,54,82.0
2023-04-12,21.1,33.1,0.0,172,8.1,1000.5,52,112.0
2023-04-13,22.1,33.3,0.0,180,8.5,1000.3,54,103.0
2023-04-14,22.6,33.3,0.0,167,8.4,1000.3,55,89.0
2023-04-15,22.4,33.2,0.0,162,6.9,999.8,55,102.0
2023-04-16,22.7,32.2,1.3,171,11.7,1000.0,58,108.0
2023-04-17,22.5,32.9,0.0,175,8.9,1001.1,56,104.0
2023-04-18,22.3,33.3,0.0,162,9.1,1001.0,55,100.0
2023-04-19,21.8,33.6,0.0,190,9.1,998.6,53,87.0
2023-04-20,21.5,33.3,0.1,205,7.7,996.8,51,102.0
2023-04-21,20.6,33.2,0.0,165,5.6,997.5,50,122.0
2023-04-22,20.1,33.3,0.0,152,8.4,998.5,48,105.0
2023-04-23,22.4,31.8,7.1,159,11.0,1001.0,59,73.0
2023-04-24,22.7,30.9,0.2,198,4.1,1003.7,65,33.0
2023-04-25,21.4,33.0,0.0,174,5.9,1001.3,53,58.0
2023-04-26,22.9,29.5,9.4,153,8.2,1003.1,70,44.0
2023-04-27,24.5,29.7,3.1,163,5.5,1003.2,75,38.0
2023-04-28,22.3,31.4,0.0,174,6.5,1002.3,61,38.0
2023-04-29,22.7,32.0,0.8,167,10.5,1001.2,59,49.0
2023-04-30,22.6,30.4,3.5,129,8.8,1002.0,64,24.0
2023-05-01,22.3,30.6,0.0,130,5.1,1002.6,63,28.0
2023-05-02,23.0,31.3,2.6,148,8.3,1002.9,63,43.0
2023-05-03,22.3,31.4,0.3,175,4.5,1003.4,60,45.0
2023-05-04,22.7,32.6,0.0,201,6.3,1000.9,58,45.0
2023-05-05,22.6,33.6,0.2,201,8.1,998.1,54,52.0
2023-05-06,21.2,34.6,0.0,221,6.3,996.5,47,53.0
2023-05-07,21.0,35.2,0.0,223,6.7,996.1,45,47.0
2023-05-08,23.8,33.0,3.1,156,9.4,998.2,60,45.0
2023-05-09,23.8,32.0,0.2,169,7.1,1000.7,63,40.0
2023-05-10,23.1,31.0,0.1,148,8.0,1002.1,64,18.0
2023-05-11,23.0,31.0,0.3,152,5.3,1002.9,64,17.0
2023-05-12,24.3,28.9,10.3,140,4.7,1003.1,77,17.0
2023-05-13,24.5,28.0,54.5,163,7.1,1003.1,83,15.0
2023-05-14,24.0,28.2,18.8,158,11.0,1002.4,80,16.0
2023-05-15,24.1,28.0,15.8,162,10.3,1002.8,80,27.0
2023-05-16,24.2,28.5,1.5,222,4.6,1003.6,79,26.0
2023-05-17,22.8,29.4,0.1,280,6.8,1003.4,69,29.0
2023-05-18,22.8,30.6,0.0,288,8.9,1002.3,64,39.0
2023-05-19,22.9,31.0,0.0,290,5.8,1000.4,64,44.0
2023-05-20,23.1,31.3,0.0,282,7.3,1000.0,63,42.0
2023-05-21,23.6,31.9,0.0,224,4.6,1000.8,63,46.0
2023-05-22,23.9,31.4,0.5,154,6.0,1001.7,66,39.0
2023-05-23,24.2,29.8,9.8,162,7.2,1001.8,73,24.0
2023-05-24,24.1,30.6,0.3,175,8.6,1001.1,69,24.0
2023-05-25,22.5,31.2,0.5,203,8.1,1001.2,62,29.0
2023-05-26,22.3,31.7,0.2,196,5.2,1001.4,59,32.0
2023-05-27,22.7,31.7,0.3,200,5.3,999.8,60,32.0
2023-05-28,24.3,30.4,13.1,147,6.0,999.7,71,24.0
2023-05-29,24.6,28.4,59.6,59,6.2,1001.0,81,20.0
2023-05-30,25.0,29.9,1.2,147,6.2,1000.3,76,13.0
2023-05-31,25.0,30.1,2.8,164,8.1,999.3,75,17.0
2023-06-01,23.7,31.0,0.1,244,7.0,998.3,67,20.0
2023-06-02,22.4,31.4,0.1,242,7.3,998.9,61,26.8
2023-06-03,22.8,31.6,0.0,195,5.4,1000.0,61,27.0
2023-06-04,23.3,30.8,1.0,162,8.2,999.9,65,22.0
2023-06-05,23.7,29.9,2.2,147,8.6,999.2,71,10.3
2023-06-06,24.4,29.2,15.5,143,7.1,998.5,77,12.9
2023-06-07,24.4,28.4,10.8,152,8.1,999.5,80,16.5
2023-06-08,24.7,27.8,10.1,159,9.2,1000.0,84,13.1
2023-06-09,24.7,27.7,7.9,155,6.8,999.3,85,11.6
2023-06-10,24.8,28.0,10.6,152,7.1,998.5,83,14.5
2023-06-11,24.6,28.5,2.1,155,8.2,997.6,80,15.9
2023-06-12,24.2,28.6,2.4,171,8.3,998.3,78,15.1
2023-06-13,24.5,28.4,12.9,157,10.8,998.8,80,17.7
2023-06-14,24.2,28.3,7.2,159,10.3,1000.5,79,12.9
2023-06-15,24.4,28.2,1.9,159,7.5,1000.5,81,7.8
2023-06-16,24.7,27.9,9.5,160,7.4,1000.1,83,8.0
2023-06-17,24.7,28.9,14.8,166,9.7,1000.5,79,8.3
2023-06-18,24.8,27.5,24.9,153,8.5,1001.1,86,6.2
2023-06-19,24.2,27.7,3.1,159,8.8,1000.8,82,6.0
2023-06-20,24.5,27.6,1.4,141,6.6,1001.2,84,6.4
2023-06-21,24.5,27.9,13.4,127,3.9,1002.1,83,7.1
2023-06-22,24.4,28.4,1.1,159,4.2,1002.0,80,7.1
2023-06-23,23.2,29.4,0.0,227,5.6,1000.8,71,6.7
2023-06-24,23.3,29.6,4.2,262,8.6,1000.1,69,5.6
2023-06-25,24.5,28.4,7.9,177,4.9,1000.3,80,8.5
2023-06-26,24.6,28.2,12.6,229,6.8,1000.5,81,7.4
2023-06-27,23.9,28.3,1.3,162,6.9,1000.9,78,8.2
2023-06-28,24.1,29.1,2.6,185,5.4,1001.8,76,10.6
2023-06-29,24.6,29.4,11.5,176,7.6,1000.4,77,9.6
2023-06-30,25.3,29.1,7.8,163,7.7,999.5,81,10.4
2023-07-01,25.2,29.6,18.5,160,9.0,999.6,78,11.2
2023-07-02,25.0,28.8,1.9,153,11.2,1000.5,80,10.2
2023-07-03,24.5,27.6,9.9,165,10.8,1001.6,84,5.3
2023-07-04,24.3,26.4,31.2,161,10.7,1002.2,89,6.1
2023-07-05,23.9,27.8,8.6,168,8.3,1002.0,80,5.4
2023-07-06,24.2,28.9,0.0,178,4.8,1002.4,77,9.0
2023-07-07,24.3,30.2,0.0,186,4.8,1001.8,72,9.3
2023-07-08,24.5,30.2,2.1,167,9.1,1001.6,73,13.3
2023-07-09,24.6,28.3,5.2,155,7.3,1001.6,81,10.9
2023-07-10,24.6,27.7,7.6,168,8.6,1002.1,84,8.0
2023-07-11,24.2,28.9,1.4,160,7.5,1002.1,77,9.5
2023-07-12,23.9,28.7,0.8,175,6.6,1002.5,76,10.2
2023-07-13,24.5,29.9,0.7,234,4.8,1001.6,74,11.3
2023-07-14,23.5,29.8,0.5,233,8.9,1001.1,70,7.3
2023-07-15,22.6,30.1,0.7,273,10.6,999.6,65,11.0
2023-07-16,22.0,30.8,0.1,276,9.2,997.6,61,11.8
2023-07-17,23.8,29.3,8.0,237,7.0,996.5,73,8.3
2023-07-18,24.6,28.9,2.6,212,8.5,996.5,78,8.4
2023-07-19,24.5,28.6,0.8,187,8.1,997.1,79,9.5
2023-07-20,24.3,29.1,0.1,191,4.4,998.5,76,12.2
2023-07-21,24.8,29.5,9.2,73,5.1,1000.6,77,13.5
2023-07-22,24.8,28.6,8.1,161,5.9,1002.1,81,12.5
2023-07-23,24.9,28.4,3.2,157,5.8,1001.9,82,7.5
2023-07-24,24.5,28.0,0.5,159,4.5,1000.8,82,9.4
2023-07-25,24.8,27.9,25.1,192,4.9,1001.0,84,9.3
2023-07-26,24.6,29.3,10.0,256,6.6,1000.9,77,9.5
2023-07-27,23.0,30.2,0.7,278,12.5,999.5,66,7.7
2023-07-28,23.2,30.0,0.7,280,10.6,997.1,68,8.0
2023-07-29,24.9,28.6,2.8,205,6.8,997.1,81,11.3
2023-07-30,24.6,28.5,10.0,162,11.2,997.6,80,12.5
2023-07-31,24.1,28.0,4.5,157,14.7,999.0,80,16.7
2023-08-01,24.5,28.5,1.1,154,10.0,999.6,80,14.9
2023-08-02,24.7,27.7,12.0,150,9.3,1000.1,84,13.6
2023-08-03,24.7,27.8,1.9,166,9.8,999.8,84,19.1
2023-08-04,24.4,28.0,8.3,167,10.6,1002.1,82,18.3
2023-08-05,24.7,26.9,6.0,151,7.5,1003.1,88,18.8
2023-08-06,25.1,27.1,7.7,155,6.5,1001.2,89,19.5
2023-08-07,24.6,25.9,15.2,162,9.8,1000.2,92,11.9
2023-08-08,24.4,26.4,7.3,153,7.4,1000.9,89,14.1
2023-08-09,24.2,26.7,7.2,162,7.4,1002.5,87,10.2
2023-08-10,24.5,27.9,0.3,178,6.5,1002.0,83,16.0
2023-08-11,24.4,28.4,0.6,191,6.0,1000.5,80,17.5
2023-08-12,24.8,28.5,4.9,170,7.0,999.5,82,25.4
2023-08-13,24.6,28.7,2.2,175,7.9,999.4,79,28.5
2023-08-14,25.0,28.6,2.0,160,6.7,999.6,82,22.3
2023-08-15,24.8,28.1,9.0,152,7.3,1000.1,83,18.5
2023-08-16,24.5,28.3,2.6,154,7.8,1000.7,81,14.8
2023-08-17,24.5,28.5,0.3,161,4.8,1001.1,80,13.1
2023-08-18,24.1,29.4,2.1,265,5.7,1000.4,74,14.5
2023-08-19,23.5,30.6,0.4,299,5.4,999.8,67,14.0
2023-08-20,24.4,29.9,5.9,166,5.1,999.1,74,18.1
2023-08-21,24.6,28.4,10.7,156,7.0,1000.3,81,15.7
2023-08-22,24.4,28.0,16.7,162,6.0,1000.9,82,13.7
2023-08-23,24.7,28.0,5.3,169,6.3,1000.3,83,13.0
2023-08-24,24.7,27.9,17.8,163,6.9,1000.2,84,14.8
2023-08-25,24.5,28.4,4.3,178,6.4,1000.8,80,11.1
2023-08-26,24.5,27.9,3.5,163,8.0,1000.9,82,13.8
2023-08-27,23.8,28.6,0.1,214,8.0,999.8,76,13.0
2023-08-28,23.7,29.1,1.5,183,6.8,998.5,73,17.7
2023-08-29,24.3,28.6,0.5,130,7.2,998.4,78,16.1
2023-08-30,24.5,29.1,7.0,146,7.0,999.7,77,19.1
2023-08-31,25.1,28.3,5.4,162,4.3,1000.6,84,9.7
2023-09-01,25.1,28.8,25.8,176,5.2,999.7,81,12.7
2023-09-02,25.1,27.8,34.8,202,4.9,998.8,86,12.6
2023-09-03,25.4,28.4,7.6,167,4.5,997.6,85,17.0
2023-09-04,25.5,28.7,8.5,161,5.5,996.9,84,12.3
2023-09-05,24.9,27.0,11.0,137,5.7,999.3,89,7.5
2023-09-06,25.0,27.0,17.9,156,5.5,1001.8,89,4.9
2023-09-07,25.0,27.5,16.4,201,3.9,1002.1,87,4.7
2023-09-08,25.1,27.3,18.9,171,5.3,1001.5,88,4.8
2023-09-09,25.1,27.4,10.0,176,5.0,999.5,88,5.0
2023-09-10,24.5,26.4,24.3,152,8.5,999.4,89,6.7
2023-09-11,24.5,26.8,17.0,153,8.9,1000.1,88,5.7
2023-09-12,24.4,26.6,21.9,162,8.9,1001.2,88,7.8
2023-09-13,24.3,26.5,12.6,160,7.4,1002.0,88,5.1
2023-09-14,24.6,26.7,13.9,153,5.0,1001.4,89,5.2
2023-09-15,24.7,26.2,47.9,337,4.5,1000.3,92,6.3
2023-09-16,24.5,25.8,31.6,188,5.8,1000.2,93,4.5
2023-09-17,24.4,26.5,17.1,162,7.6,1000.8,89,6.0
2023-09-18,24.4,26.2,27.7,166,7.9,1003.0,90,5.5
2023-09-19,24.3,26.5,20.3,115,4.0,1004.7,88,5.3
2023-09-20,24.5,27.9,4.3,121,3.3,1003.8,83,9.8
2023-09-21,24.8,28.9,0.0,102,4.9,1003.0,80,7.1
2023-09-22,25.1,28.6,12.2,145,5.2,1002.8,82,8.9
2023-09-23,25.4,28.5,2.9,122,5.0,1002.6,84,9.7
2023-09-24,25.2,28.7,0.6,140,4.9,1001.3,83,11.7
2023-09-25,25.5,28.3,2.3,51,4.6,1000.3,85,12.2
2023-09-26,25.4,27.4,11.7,10,5.0,999.7,89,9.7
2023-09-27,24.8,25.9,52.1,145,4.8,998.9,94,4.6
2023-09-28,24.1,26.1,12.3,148,12.8,1000.8,89,3.8
2023-09-29,24.3,26.2,20.3,152,13.9,1003.5,89,7.1
2023-09-30,24.2,26.2,8.3,148,6.5,1004.6,89,7.5
2023-10-01,24.9,27.3,11.8,163,3.7,1003.1,88,7.5
2023-10-02,25.3,27.9,2.6,253,3.3,1003.4,87,5.6
2023-10-03,25.2,28.9,0.2,159,4.0,1003.3,82,10.0
2023-10-04,25.3,28.0,16.1,152,4.5,1003.2,86,9.0
2023-10-05,25.5,27.5,7.9,159,4.3,1002.1,89,8.8
2023-10-06,24.8,26.8,13.5,153,6.4,1002.1,89,6.9
2023-10-07,24.3,26.5,26.0,147,6.4,1002.9,88,6.1
2023-10-08,23.8,24.9,21.4,92,5.9,1004.5,94,6.1
2023-10-09,24.2,26.4,4.3,145,5.2,1004.9,89,10.7
2023-10-10,24.5,26.5,7.5,342,4.4,1005.3,90,8.8
2023-10-11,24.4,26.8,4.2,303,4.5,1006.1,87,9.4
2023-10-12,24.7,27.2,5.8,336,4.5,1007.2,87,8.1
2023-10-13,24.6,27.5,9.7,50,5.3,1006.5,85,6.7
2023-10-14,24.7,27.7,7.8,341,3.9,1004.7,85,9.3
2023-10-15,24.8,27.5,4.3,41,4.3,1003.3,86,7.8
2023-10-16,24.3,26.5,40.3,358,5.3,1004.9,88,10.3
2023-10-17,24.5,27.5,0.0,319,4.6,1005.2,85,12.7
2023-10-18,24.0,28.1,0.3,107,3.2,1005.2,80,
2023-10-19,24.1,28.5,0.0,166,3.8,1004.9,79,19.1
2023-10-20,24.4,28.2,1.1,37,5.5,1005.4,81,17.7
2023-10-21,24.0,26.4,6.0,9,5.3,1007.3,87,10.7
2023-10-22,23.9,26.6,3.9,121,4.2,1008.1,86,10.6
2023-10-23,23.3,27.7,0.0,19,4.0,1007.0,79,14.3
2023-10-24,23.6,28.1,3.7,353,5.7,1006.3,78,13.5
2023-10-25,24.2,27.6,0.3,37,4.3,1006.0,83,13.6
2023-10-26,24.8,27.2,5.9,46,4.2,1005.5,87,10.3
2023-10-27,24.7,27.4,2.8,114,3.3,1005.2,86,8.8
2023-10-28,24.4,27.1,0.7,5,4.7,1005.2,86,11.9
2023-10-29,24.1,26.6,7.0,21,4.1,1005.4,87,11.0
2023-10-30,24.2,26.1,15.5,6,5.4,1006.3,90,9.3
2023-10-31,23.7,26.0,11.3,344,6.7,1007.8,88,5.1
2023-11-01,23.1,27.1,0.3,325,5.7,1007.7,81,11.0
2023-11-02,23.1,27.8,0.0,29,4.4,1006.1,78,17.7
2023-11-03,23.7,28.1,0.0,62,3.7,1003.9,78,19.4
2023-11-04,24.6,28.3,1.5,54,3.4,1004.0,81,23.2
2023-11-05,24.6,28.4,1.5,120,3.3,1005.2,81,23.1
2023-11-06,24.8,28.8,1.8,108,4.1,1005.5,80,23.5
2023-11-07,24.1,27.7,3.4,5,4.6,1005.8,82,20.2
2023-11-08,23.8,28.1,2.6,93,3.9,1005.0,79,18.6
2023-11-09,24.3,28.4,0.6,112,3.8,1005.3,79,18.7
2023-11-10,24.7,28.4,0.3,70,4.5,1006.5,82,21.0
2023-11-11,25.0,27.8,8.8,65,4.7,1007.1,85,18.7
2023-11-12,24.8,27.3,8.5,27,5.0,1007.3,87,12.9
2023-11-13,24.5,27.7,6.5,7,5.4,1007.4,84,15.0
2023-11-14,23.1,27.7,0.2,40,6.7,1008.6,78,9.7
2023-11-15,23.1,27.5,0.8,54,4.0,1008.8,79,12.3
2023-11-16,22.8,27.5,9.8,47,4.5,1009.7,77,12.6
2023-11-17,18.1,26.0,0.0,56,6.8,1011.5,63,11.9
2023-11-18,18.5,24.5,0.0,4,4.5,1010.9,71,24.7
2023-11-19,17.1,23.7,0.0,351,4.3,1010.0,68,40.3
2023-11-20,17.1,23.9,0.0,358,5.5,1009.2,68,48.7
2023-11-21,18.2,24.4,0.0,64,3.5,1007.2,71,56.3
2023-11-22,19.4,25.0,0.0,25,3.0,1005.7,73,61.8
2023-11-23,19.1,25.2,0.0,3,3.9,1005.8,71,45.1
2023-11-24,19.4,25.8,0.0,24,4.7,1007.1,69,32.3
2023-11-25,19.6,25.9,0.0,72,6.1,1007.7,71,39.5
2023-11-26,18.8,26.3,0.0,16,5.9,1008.0,65,46.2
2023-11-27,20.9,26.5,0.2,347,4.3,1007.8,73,54.7
2023-11-28,20.4,26.1,0.0,47,4.2,1006.9,72,56.3
2023-11-29,18.8,25.6,0.0,352,4.7,1007.3,67,63.5
2023-11-30,20.4,27.0,0.0,344,4.8,1007.5,69,78.5
2023-12-01,21.7,27.2,0.4,0,4.7,1006.9,73,53.7
2023-12-02,22.3,27.9,0.0,74,5.1,1007.2,74,28.5
2023-12-03,21.9,27.7,0.0,12,4.4,1007.2,72,29.8
2023-12-04,22.1,27.2,0.1,139,4.1,1006.5,76,40.5
2023-12-05,22.2,27.5,0.2,78,4.6,1005.6,75,46.1
2023-12-06,22.9,28.2,0.5,44,4.0,1006.3,75,52.3
2023-12-07,22.7,26.7,1.7,321,5.2,1007.0,80,51.7
2023-12-08,21.1,26.5,0.0,155,4.9,1006.5,74,40.9
2023-12-09,21.3,26.9,0.0,161,4.0,1005.2,73,45.0
2023-12-10,22.2,27.8,0.0,156,4.4,1003.6,73,53.7
2023-12-11,22.4,27.9,0.0,140,3.6,1004.4,74,66.2
2023-12-12,22.1,28.1,0.0,145,4.7,1004.7,71,63.6
2023-12-13,21.6,27.2,0.0,105,3.2,1006.4,73,55.9
2023-12-14,20.9,27.1,0.0,29,3.5,1007.5,71,40.1
2023-12-15,21.2,26.8,0.0,338,5.0,1006.7,73,37.3
2023-12-16,21.6,27.2,0.0,27,4.8,1006.4,73,42.4
2023-12-17,21.9,27.2,0.0,58,3.8,1007.5,74,40.1
2023-12-18,20.7,26.7,0.0,324,4.1,1008.5,71,28.7
2023-12-19,21.4,26.5,0.0,356,3.7,1008.2,76,29.8
2023-12-20,20.7,26.1,0.0,117,4.4,1007.8,74,39.2
2023-12-21,19.4,25.6,0.0,132,5.2,1009.1,70,24.6
2023-12-22,12.6,22.4,0.0,46,7.2,1012.4,54,27.0
2023-12-23,11.1,20.3,0.0,15,7.5,1014.0,57,43.0
2023-12-24,13.2,21.0,0.0,14,6.6,1014.2,63,45.3
2023-12-25,14.0,21.6,0.0,17,5.3,1012.9,63,49.3
2023-12-26,15.4,22.1,0.0,28,3.4,1012.2,68,64.3
2023-12-27,16.9,23.3,0.0,350,6.4,1011.7,69,67.9
2023-12-28,17.9,23.7,0.0,349,5.6,1010.1,73,56.3
2023-12-29,17.5,24.0,0.0,353,5.9,1008.7,69,43.0
2023-12-30,18.3,24.6,0.0,351,6.0,1007.4,70,42.0
2023-12-31,19.4,25.0,0.0,2,4.5,1007.2,73,39.2
2024-01-01,19.6,25.4,0.0,336,5.2,1006.8,72,38.5
2024-01-02,19.1,25.3,0.0,330,4.2,1006.5,71,28.2
2024-01-03,18.8,25.3,0.0,341,4.5,1006.8,70,29.5
2024-01-04,18.5,25.4,0.0,280,4.9,1007.2,67,27.0
2024-01-05,18.4,25.1,0.0,282,5.1,1007.5,69,27.4
2024-01-06,19.0,25.3,0.0,359,5.2,1007.7,70,32.2
2024-01-07,19.3,25.7,0.0,300,4.6,1007.8,70,35.7
2024-01-08,19.8,25.8,0.0,214,5.2,1007.1,71,40.3
2024-01-09,20.5,26.7,0.0,171,5.7,1005.7,71,43.6
2024-01-10,21.1,27.2,0.0,151,7.1,1004.5,71,62.3
2024-01-11,21.3,27.8,0.1,151,8.1,1005.1,69,52.1
2024-01-12,22.1,27.7,1.3,153,7.8,1004.6,73,52.2
2024-01-13,22.0,25.7,15.0,88,7.6,1005.9,81,42.2
2024-01-14,21.6,25.3,1.3,25,5.1,1007.7,81,36.3
2024-01-15,20.2,25.6,0.0,64,5.3,1007.5,75,34.5
2024-01-16,18.6,25.8,0.0,63,4.2,1006.9,66,26.1
2024-01-17,18.4,25.2,0.0,123,4.9,1006.6,68,24.0
2024-01-18,18.8,25.4,0.0,133,3.6,1006.4,69,32.3
2024-01-19,20.1,25.6,0.0,208,4.6,1005.5,74,38.7
2024-01-20,19.4,25.6,0.0,41,4.3,1005.5,72,36.1
2024-01-21,18.2,25.7,0.0,20,6.8,1006.2,66,31.4
2024-01-22,16.4,25.2,0.0,333,5.8,1007.1,60,33.3
2024-01-23,18.7,23.8,1.4,106,5.2,1008.5,75,35.5
2024-01-24,17.1,23.5,0.1,179,5.4,1010.7,68,28.5
2024-01-25,18.3,21.6,4.2,77,4.0,1012.9,82,27.4
2024-01-26,18.3,21.6,0.6,354,5.6,1013.2,83,28.5
2024-01-27,19.2,24.0,0.1,311,5.6,1011.3,76,29.8
2024-01-28,20.7,24.9,8.0,24,7.7,1010.4,79,29.5
2024-01-29,20.7,23.9,6.9,71,5.2,1010.5,83,26.4
2024-01-30,20.9,22.7,4.7,17,3.7,1009.8,90,30.0
2024-01-31,21.0,24.1,0.0,336,5.0,1008.9,84,32.2
2024-02-01,20.7,26.1,0.0,348,3.9,1008.2,75,21.0
2024-02-02,20.5,27.0,0.0,21,2.8,1007.0,69,27.9
2024-02-03,21.1,27.2,0.0,186,5.5,1006.9,71,30.1
2024-02-04,18.7,26.1,0.0,29,6.0,1007.5,67,34.2
2024-02-05,17.4,24.3,0.0,31,5.5,1007.4,69,37.0
2024-02-06,17.2,24.4,0.0,23,5.5,1007.6,67,45.0
2024-02-07,17.9,24.4,0.0,26,5.6,1006.3,70,43.1
2024-02-08,18.6,24.6,0.0,118,4.2,1004.8,73,54.0
2024-02-09,20.8,26.3,0.0,145,7.1,1006.1,73,49.2
2024-02-10,21.1,26.6,0.1,120,6.0,1009.6,73,42.7
2024-02-11,18.0,25.4,0.0,18,5.6,1012.9,65,43.9
2024-02-12,18.1,25.1,0.0,51,5.4,1011.8,67,47.9
2024-02-13,18.8,25.5,0.0,172,5.3,1009.8,69,59.0
2024-02-14,18.6,26.2,0.0,181,4.9,1007.9,65,66.8
2024-02-15,18.5,26.6,0.0,114,4.2,1007.6,64,73.0
2024-02-16,19.6,26.7,0.0,175,6.7,1007.0,67,79.0
2024-02-17,20.8,27.6,0.0,170,7.9,1005.1,68,61.6
2024-02-18,22.1,27.9,0.1,166,8.7,1005.3,72,36.6
2024-02-19,22.2,28.5,0.0,168,8.3,1005.1,71,36.2
2024-02-20,21.5,28.5,0.0,152,9.4,1004.1,67,29.2
2024-02-21,21.1,28.5,0.0,152,7.7,1003.9,66,36.6
2024-02-22,21.9,28.7,0.0,157,7.8,1005.0,68,36.8
2024-02-23,22.8,28.9,0.0,166,8.2,1005.7,71,30.5
2024-02-24,23.5,28.9,0.9,141,7.1,1005.8,74,33.4
2024-02-25,23.1,28.7,1.0,113,7.7,1006.0,72,31.4
2024-02-26,22.1,29.4,0.0,125,5.3,1006.1,66,40.8
2024-02-27,21.7,29.5,0.0,166,8.0,1005.3,65,57.6
2024-02-28,21.2,29.1,0.1,170,6.6,1004.1,64,55.9
2024-02-29,21.7,29.7,0.0,161,8.6,1004.0,63,40.3
2024-03-01,22.6,29.4,0.3,147,10.2,1004.7,67,36.5
2024-03-02,22.6,28.1,5.1,159,6.6,1005.3,73,52.0
2024-03-03,22.4,28.4,2.4,177,8.6,1004.8,71,54.5
2024-03-04,20.9,29.2,0.2,170,8.2,1003.1,64,51.8
2024-03-05,19.0,28.5,0.0,172,6.9,1002.4,58,50.8
2024-03-06,19.9,28.3,0.0,155,6.5,1001.3,62,62.5
2024-03-07,20.8,29.2,0.0,159,6.4,1001.2,63,58.4
2024-03-08,21.2,29.9,0.0,166,8.5,1001.9,61,64.2
2024-03-09,23.3,29.1,2.5,140,10.6,1003.5,71,
2024-03-10,23.5,29.8,0.0,162,8.2,1005.2,70,
2024-03-11,23.1,30.0,0.5,154,7.2,1006.2,68,
2024-03-12,23.2,28.3,7.0,164,8.2,1005.8,74,51.7
2024-03-13,21.9,29.1,0.0,163,8.3,1005.0,67,53.4
2024-03-14,20.6,29.0,0.0,163,7.6,1004.3,63,46.7
2024-03-15,19.0,28.2,0.0,144,6.2,1004.1,59,80.6
2024-03-16,21.8,29.5,0.0,153,7.2,1004.9,65,71.8
2024-03-17,23.3,30.0,0.6,163,8.4,1005.1,68,71.1
2024-03-18,22.6,30.6,0.4,167,7.0,1003.6,65,84.2
2024-03-19,23.1,29.2,20.7,147,8.6,1004.8,70,69.1
2024-03-20,22.8,26.5,14.3,122,5.4,1008.9,81,23.0
2024-03-21,22.5,27.6,0.0,169,4.8,1006.4,76,31.4
2024-03-22,22.5,28.4,1.3,198,4.6,1002.5,72,44.6
2024-03-23,22.6,29.3,0.2,176,7.9,1001.9,69,35.4
2024-03-24,20.8,29.6,0.0,166,8.9,1003.7,61,28.1
2024-03-25,20.8,29.3,0.0,162,6.0,1003.9,62,34.5
2024-03-26,22.8,29.4,6.9,162,7.3,1005.3,68,31.3
2024-03-27,23.2,28.9,0.2,175,6.1,1007.1,73,23.5
2024-03-28,22.1,30.6,0.0,164,8.2,1004.0,63,49.9
2024-03-29,22.9,30.5,1.4,168,9.9,1003.8,65,37.2
2024-03-30,21.9,30.5,0.0,157,11.0,1004.9,62,35.1
2024-03-31,20.0,31.4,0.1,170,8.9,1004.0,53,53.9
2024-04-01,20.3,30.6,0.0,177,7.7,1001.6,56,65.4
2024-04-02,20.8,31.0,0.0,167,9.3,1000.2,56,81.2
2024-04-03,22.1,31.5,0.0,171,8.3,1000.9,59,66.1
2024-04-04,23.0,32.0,0.0,161,8.4,1000.7,60,59.7
2024-04-05,24.0,32.3,0.0,161,9.5,999.9,63,73.4
2024-04-06,24.0,32.6,0.0,160,11.0,1000.4,62,77.0
2024-04-07,23.8,32.4,0.0,163,10.3,1000.3,61,66.8
2024-04-08,24.1,32.6,0.0,161,8.4,1001.3,62,61.5
2024-04-09,23.8,32.6,0.0,159,8.6,1001.9,61,43.9
2024-04-10,23.6,30.8,2.9,133,4.9,1004.5,67,36.6
2024-04-11,24.7,31.1,0.3,38,3.8,1004.3,70,38.1
2024-04-12,23.7,31.4,0.2,144,3.7,1003.2,66,38.1
2024-04-13,23.7,31.3,4.5,161,5.5,1002.5,66,36.3
2024-04-14,23.6,32.0,0.0,153,9.0,1002.8,63,34.9
2024-04-15,24.3,31.1,0.0,163,5.6,1003.1,69,31.5
2024-04-16,23.8,31.8,0.1,167,7.9,1001.9,64,29.6
2024-04-17,23.0,32.0,0.0,163,8.0,1000.9,60,31.3
2024-04-18,21.3,32.3,0.0,178,7.7,999.6,54,39.0
2024-04-19,21.3,32.3,0.0,196,8.9,998.4,54,46.2
2024-04-20,21.1,31.6,0.0,187,7.8,998.3,55,48.0
2024-04-21,21.9,31.9,0.0,169,6.9,999.2,57,44.3
2024-04-22,22.4,32.7,0.0,166,8.6,998.9,56,57.5
2024-04-23,22.8,33.3,0.0,160,10.1,998.6,55,46.8
2024-04-24,23.0,33.4,0.0,171,11.2,998.9,55,38.6
2024-04-25,22.3,33.2,0.0,161,9.2,999.2,54,38.1
2024-04-26,21.5,33.4,0.0,179,9.1,998.6,51,32.4
2024-04-27,20.8,33.5,0.0,162,7.8,998.4,49,34.6
2024-04-28,21.0,33.5,0.0,163,10.2,999.1,49,25.0
2024-04-29,21.2,33.6,0.0,158,9.8,999.8,50,20.6
2024-04-30,21.2,34.1,0.0,177,9.9,997.5,48,32.6
2024-05-01,21.5,34.3,0.0,180,8.6,996.8,48,36.4
2024-05-02,21.2,34.7,0.0,173,11.2,997.7,47,40.0
2024-05-03,22.6,32.8,0.8,178,7.2,999.8,56,23.6
2024-05-04,24.2,31.4,2.6,177,6.7,999.7,67,25.2
2024-05-05,23.0,32.7,0.0,181,8.3,999.0,59,31.4
2024-05-06,23.1,33.1,0.0,151,9.8,1000.8,56,34.5
2024-05-07,23.9,31.4,2.6,166,10.5,1003.6,66,21.1
2024-05-08,24.0,30.9,0.4,89,4.1,1003.2,68,17.0
2024-05-09,23.3,31.0,4.1,112,7.7,1002.3,66,14.5
2024-05-10,24.2,30.0,14.8,146,6.8,1003.5,73,13.7
2024-05-11,24.2,30.3,0.7,194,6.6,1004.4,71,10.1
2024-05-12,24.5,30.6,0.3,204,4.7,1003.3,72,9.3
2024-05-13,24.6,30.6,10.3,210,5.9,1002.2,72,12.6
2024-05-14,24.7,29.8,0.3,139,5.2,1002.8,76,6.6
2024-05-15,25.4,31.5,1.4,160,4.0,1002.7,71,14.1
2024-05-16,25.3,30.2,9.7,148,7.3,1003.0,76,17.4
2024-05-17,25.0,30.2,3.3,157,7.6,1002.1,75,15.9
2024-05-18,25.5,30.8,3.3,159,9.4,1000.0,74,14.6
2024-05-19,25.4,30.2,17.3,161,8.8,998.6,76,15.8
2024-05-20,25.0,30.4,11.2,164,5.8,998.4,74,11.7
2024-05-21,25.2,28.3,20.7,81,4.2,1000.5,83,7.5
2024-05-22,24.9,28.4,1.9,125,5.4,1000.8,82,5.9
2024-05-23,24.7,28.3,20.8,155,9.2,1000.4,82,3.9
2024-05-24,25.0,27.3,18.4,156,9.7,1000.5,88,5.3
2024-05-25,24.5,28.4,4.5,166,10.7,1001.1,80,7.4
2024-05-26,24.8,28.8,1.2,164,11.5,1001.7,80,5.1
2024-05-27,25.3,28.9,3.8,158,9.0,1000.5,81,5.9
2024-05-28,25.3,29.2,4.7,172,6.5,1000.1,80,8.2
2024-05-29,25.6,28.9,14.3,160,6.8,999.5,83,7.4
2024-05-30,25.7,29.1,3.2,179,7.4,998.9,83,5.4
2024-05-31,25.8,29.1,9.7,171,8.5,999.1,83,7.0
2024-06-01,24.9,28.5,15.8,164,11.5,1001.7,81,7.0
2024-06-02,25.0,27.9,4.1,160,8.2,1003.5,84,6.5
2024-06-03,24.9,28.5,3.8,172,6.3,1002.2,82,8.0
2024-06-04,24.8,29.0,8.9,183,8.4,1001.0,79,11.8
2024-06-05,25.1,28.7,8.2,157,8.0,1001.1,81,6.2
2024-06-06,24.7,28.6,2.8,158,7.3,1002.0,81,4.7
2024-06-07,24.8,28.4,5.8,162,7.4,1000.4,82,6.2
2024-06-08,25.0,28.9,3.8,174,7.5,998.6,81,10.9
2024-06-09,25.2,28.4,17.4,156,7.4,998.1,84,12.6
2024-06-10,24.8,28.3,10.8,153,11.1,999.1,82,7.7
2024-06-11,24.6,27.9,4.1,154,11.5,1000.8,83,5.0
2024-06-12,24.5,28.4,3.2,158,7.5,1002.6,80,8.6
2024-06-13,24.8,29.1,0.2,171,6.1,1001.6,79,8.3
2024-06-14,25.4,28.9,9.1,149,5.2,999.8,82,7.0
2024-06-15,25.1,29.2,1.2,168,6.5,999.2,79,7.1
2024-06-16,25.4,29.1,2.6,56,4.3,999.9,81,6.6
2024-06-17,25.0,28.8,3.9,162,6.5,1000.4,80,6.9
2024-06-18,24.8,28.7,4.9,189,7.0,999.8,80,6.6
2024-06-19,24.8,29.4,0.2,192,5.2,999.1,78,7.4
2024-06-20,25.2,29.5,0.7,121,4.5,998.6,79,8.2
2024-06-21,25.2,29.7,2.4,141,5.2,997.7,78,7.7
2024-06-22,25.2,29.8,0.8,155,7.3,997.0,77,8.9
2024-06-23,25.0,28.1,17.3,163,7.5,998.2,84,4.9
2024-06-24,24.8,27.5,5.9,157,8.4,998.1,86,5.5
2024-06-25,24.9,27.8,10.1,164,10.2,997.7,85,4.5
2024-06-26,24.5,27.3,2.6,159,10.8,999.9,85,4.9
2024-06-27,24.9,28.1,13.1,169,6.7,1002.0,84,7.5
2024-06-28,25.1,28.6,22.5,163,6.2,1001.3,82,7.6
2024-06-29,24.8,28.6,2.7,174,9.1,1001.5,81,7.6
2024-06-30,25.0,27.6,19.1,163,9.5,1002.6,86,6.8
2024-07-01,24.7,27.1,7.5,161,6.7,1001.7,87,3.7
2024-07-02,24.1,27.6,0.9,166,8.1,1000.3,82,8.8
2024-07-03,24.3,29.1,3.2,173,5.4,1000.7,76,13.8
2024-07-04,24.3,28.0,9.4,156,7.9,1002.8,81,10.3
2024-07-05,24.5,28.0,1.2,168,6.7,1000.9,82,9.6
2024-07-06,24.6,28.4,5.6,170,5.2,999.5,81,11.5
2024-07-07,25.2,28.2,8.5,158,5.3,1000.0,84,10.2
2024-07-08,24.9,27.4,12.6,168,6.1,1000.6,87,12.8
2024-07-09,24.3,28.2,0.3,174,6.3,1001.5,80,12.2
2024-07-10,24.7,28.3,7.7,169,10.2,1001.9,82,11.8
2024-07-11,24.5,27.3,25.3,176,9.1,1000.8,86,5.2
2024-07-12,24.7,27.5,16.7,166,7.8,998.9,85,7.1
2024-07-13,24.7,27.8,3.0,164,8.8,997.3,84,8.0
2024-07-14,24.6,28.3,5.3,159,9.9,998.0,81,9.4
2024-07-15,24.4,28.1,1.1,186,5.4,999.3,81,10.6
2024-07-16,24.9,26.7,12.4,201,4.8,998.3,90,5.9
2024-07-17,24.9,26.8,2.7,194,4.6,997.9,90,4.2
2024-07-18,25.0,27.0,6.0,161,7.7,998.6,89,3.0
2024-07-19,24.9,27.0,16.8,164,10.0,998.7,89,5.0
2024-07-20,25.0,27.4,8.5,167,7.9,1000.1,87,5.0
2024-07-21,25.3,27.7,7.3,166,5.6,1000.7,88,5.0
2024-07-22,25.1,27.5,4.8,210,5.1,1000.9,87,6.0
2024-07-23,25.3,27.6,12.4,181,7.1,999.4,88,10.9
2024-07-24,24.9,26.8,21.2,167,9.7,996.8,89,9.4
2024-07-25,24.7,27.2,13.9,165,10.0,995.7,87,8.5
2024-07-26,24.6,27.1,3.2,158,9.0,997.1,86,7.3
2024-07-27,24.8,27.9,2.6,162,9.2,999.1,84,9.3
2024-07-28,24.9,27.0,10.2,165,9.7,999.3,89,4.7
2024-07-29,25.1,27.1,18.7,163,9.9,998.9,89,5.1
2024-07-30,24.6,26.7,4.0,157,9.7,1000.4,89,7.5
2024-07-31,24.8,26.4,15.5,163,10.2,1001.7,91,8.3
2024-08-01,24.6,26.0,23.0,160,10.5,1002.9,92,9.6
2024-08-02,24.4,26.0,10.9,168,9.6,1002.7,91,9.4
2024-08-03,24.9,27.0,10.4,168,6.2,1002.7,89,9.0
2024-08-04,24.1,26.6,4.0,169,7.1,1002.6,86,4.0
2024-08-05,24.6,27.0,21.4,178,6.0,1001.8,87,7.2
2024-08-06,24.6,27.7,24.1,178,5.1,1001.0,84,7.3
2024-08-07,24.8,27.9,10.8,179,5.5,1001.5,84,7.6
2024-08-08,24.7,28.2,0.7,181,6.4,1002.6,82,7.9
2024-08-09,24.7,29.4,0.0,211,5.3,1001.5,77,9.9
2024-08-10,25.4,30.0,0.2,216,6.8,999.9,77,5.9
2024-08-11,24.6,30.1,0.2,255,6.7,998.2,73,8.7
2024-08-12,25.3,27.9,22.5,149,6.1,998.3,86,11.6
2024-08-13,24.9,28.0,7.8,165,8.2,999.8,84,12.6
2024-08-14,25.0,28.6,0.7,180,6.0,1000.4,82,10.8
2024-08-15,25.8,28.7,5.0,178,5.4,999.8,85,9.0
2024-08-16,25.4,28.5,24.7,164,5.5,999.6,84,7.0
2024-08-17,25.2,28.7,2.3,171,6.1,1001.0,82,7.3
2024-08-18,25.5,28.4,2.4,184,6.2,1001.8,85,9.3
2024-08-19,25.4,27.8,16.3,163,6.9,1001.4,88,8.1
2024-08-20,24.7,26.9,14.8,163,6.0,1002.6,88,4.1
2024-08-21,24.3,27.7,0.6,176,5.4,1002.8,83,4.3
2024-08-22,25.0,28.4,2.8,174,5.9,1002.6,83,6.0
2024-08-23,24.7,27.8,5.3,127,5.0,1003.8,84,4.4
2024-08-24,24.8,28.0,6.3,191,6.1,1003.5,84,6.2
2024-08-25,24.3,28.3,0.4,200,6.4,1002.4,80,5.7
2024-08-26,25.2,28.4,0.8,199,3.5,1001.3,83,7.8
2024-08-27,24.8,27.9,18.6,158,5.2,1001.4,84,7.7
2024-08-28,24.2,27.1,24.2,181,6.1,1001.0,85,4.6
2024-08-29,24.5,26.9,12.7,164,7.1,1001.0,87,4.1
2024-08-30,24.2,27.3,3.2,168,5.2,1001.5,85,3.4
2024-08-31,24.6,27.6,4.6,170,5.0,1001.4,85,7.2
2024-09-01,25.1,28.5,0.6,350,4.9,1000.2,83,7.4
2024-09-02,25.2,28.4,0.7,50,3.6,1000.2,84,7.4
2024-09-03,25.2,27.3,16.8,187,5.2,1001.4,88,9.2
2024-09-04,24.8,27.4,8.9,152,6.2,999.9,86,9.1
2024-09-05,25.1,28.1,7.4,194,6.3,998.4,84,5.2
2024-09-06,24.9,28.0,6.2,262,5.5,998.4,84,5.7
2024-09-07,24.7,28.6,0.1,217,6.1,999.0,81,8.0
2024-09-08,25.0,27.8,5.6,161,6.5,1000.0,85,7.0
2024-09-09,25.0,27.2,12.9,159,8.5,999.5,88,7.7
2024-09-10,24.6,27.7,5.6,155,9.1,999.1,84,10.4
2024-09-11,25.1,27.4,26.0,150,7.9,1001.1,88,8.9
2024-09-12,24.8,27.4,6.9,223,3.4,1001.7,87,6.8
2024-09-13,24.9,27.3,7.2,197,4.7,1000.3,87,7.5
2024-09-14,24.5,28.0,9.2,193,6.7,998.6,82,10.0
2024-09-15,24.1,28.8,2.2,281,5.1,998.0,76,8.0
2024-09-16,24.9,28.6,0.0,359,5.4,998.1,82,11.6
2024-09-17,25.0,27.5,19.3,348,6.4,997.9,87,7.9
2024-09-18,25.3,27.4,13.6,34,5.8,997.3,89,5.8
2024-09-19,25.2,27.8,6.4,345,6.2,996.8,87,8.1
2024-09-20,25.4,27.3,18.1,344,5.2,996.7,89,6.8
2024-09-21,24.7,26.6,16.9,218,4.1,997.5,89,5.5
2024-09-22,24.5,26.5,23.5,145,7.6,998.9,90,5.4
2024-09-23,24.5,25.9,15.9,132,6.2,1002.0,92,6.3
2024-09-24,24.0,25.7,8.1,141,4.4,1003.8,91,5.8
2024-09-25,23.6,26.5,7.2,149,3.7,1004.7,85,5.1
2024-09-26,24.1,27.5,0.4,149,4.0,1004.5,82,6.8
2024-09-27,25.2,28.9,3.2,213,4.0,1004.1,81,8.9
2024-09-28,25.3,28.6,1.0,154,5.8,1003.2,83,12.5
2024-09-29,25.3,29.2,9.4,167,7.6,1002.2,80,14.1
2024-09-30,25.1,27.8,22.7,155,5.7,1000.8,86,10.7
2024-10-01,24.9,27.6,19.2,161,7.2,1000.3,86,5.7
2024-10-02,24.3,27.0,16.3,148,8.0,1003.1,86,5.0
2024-10-03,24.1,26.3,41.5,145,5.5,1004.6,88,4.4
2024-10-04,24.2,26.7,9.0,83,3.5,1005.6,87,8.1
2024-10-05,23.5,27.2,4.3,3,5.5,1005.1,82,8.7
2024-10-06,23.3,27.9,0.1,94,3.9,1005.5,78,14.2
2024-10-07,22.6,28.1,0.0,81,3.9,1006.4,74,21.6
2024-10-08,24.0,28.2,0.3,6,4.5,1005.7,79,23.2
2024-10-09,25.0,27.6,11.8,356,4.1,1004.7,86,21.7
2024-10-10,24.1,27.9,1.7,35,4.3,1004.2,81,22.5
2024-10-11,23.8,27.8,0.7,42,3.8,1004.0,80,23.3
2024-10-12,24.4,28.5,0.2,349,4.4,1004.6,80,22.8
2024-10-13,25.0,28.2,3.5,41,3.8,1004.7,84,15.0
2024-10-14,25.0,28.8,0.1,48,3.3,1004.0,81,11.8
2024-10-15,25.2,28.7,0.5,52,3.1,1003.9,82,12.3
2024-10-16,25.5,28.7,1.0,11,3.7,1004.1,84,12.8
2024-10-17,24.9,27.5,25.1,4,4.5,1004.4,86,10.4
2024-10-18,25.0,28.1,4.3,17,5.5,1003.5,84,10.1
2024-10-19,24.7,26.9,17.6,324,4.8,1004.6,89,5.8
2024-10-20,24.8,27.0,15.7,122,5.7,1005.7,89,5.1
2024-10-21,24.3,26.8,4.9,19,4.9,1005.7,87,4.6
2024-10-22,24.4,27.2,9.3,320,4.9,1005.0,86,5.3
2024-10-23,23.9,26.7,13.1,8,5.1,1005.7,86,6.1
2024-10-24,23.9,27.0,4.6,143,5.0,1004.9,84,9.1
2024-10-25,24.1,27.9,8.8,351,4.9,1003.1,81,14.3
2024-10-26,25.1,28.8,0.0,345,5.2,1000.5,81,17.1
2024-10-27,25.7,29.4,0.9,332,6.8,998.7,81,17.1
2024-10-28,23.7,28.5,0.1,147,6.2,999.9,77,13.4
2024-10-29,23.1,27.6,1.5,170,4.8,1002.0,77,13.9
2024-10-30,23.5,27.0,1.0,136,4.1,1003.9,82,12.7
2024-10-31,23.6,27.5,0.0,162,3.7,1003.7,80,12.5
2024-11-01,24.3,27.9,0.8,65,4.6,1003.9,82,15.8
2024-11-02,23.7,27.5,8.5,310,5.2,1005.6,81,14.7
2024-11-03,21.1,26.4,0.0,63,4.7,1006.5,75,27.6
2024-11-04,20.5,26.3,0.0,29,4.8,1006.2,72,23.3
2024-11-05,22.1,26.4,0.6,359,5.8,1007.1,78,12.2
2024-11-06,21.5,26.2,0.1,345,5.4,1007.8,76,15.0
2024-11-07,22.3,26.0,2.6,355,4.9,1007.7,81,21.6
2024-11-08,21.3,26.6,0.3,336,5.3,1007.3,74,23.5
2024-11-09,20.5,26.2,0.0,319,6.1,1006.7,72,23.1
2024-11-10,21.3,26.7,0.0,355,4.6,1006.4,74,33.2
2024-11-11,20.2,26.4,0.0,337,4.4,1005.9,71,27.4
2024-11-12,20.6,27.4,0.0,346,5.0,1004.6,68,27.6
2024-11-13,21.3,29.0,0.0,357,5.0,1003.4,66,26.6
2024-11-14,21.7,29.6,0.0,3,5.1,1003.4,65,28.3
2024-11-15,22.4,29.9,0.4,81,3.9,1003.1,66,33.0
2024-11-16,24.1,29.6,0.0,128,4.5,1003.1,74,36.0
2024-11-17,24.6,27.1,10.9,153,5.5,1004.2,87,26.5
2024-11-18,22.7,27.7,0.0,343,4.8,1005.6,77,29.4
2024-11-19,21.5,27.1,0.2,21,3.9,1006.6,74,19.1
2024-11-20,21.8,27.3,0.0,14,3.8,1006.2,75,20.1
2024-11-21,20.9,27.1,0.0,12,4.4,1006.0,72,22.3
2024-11-22,20.3,27.3,0.0,50,5.0,1006.0,68,23.0
2024-11-23,20.5,27.6,0.0,35,4.5,1006.6,68,21.9
2024-11-24,20.5,28.0,0.8,44,5.1,1006.4,67,23.0
2024-11-25,21.3,28.4,0.0,30,4.9,1005.7,68,27.9
2024-11-26,22.2,28.5,0.6,36,3.8,1005.5,71,16.5
2024-11-27,20.9,28.4,0.0,63,7.0,1006.1,67,10.9
2024-11-28,18.4,27.2,0.0,65,7.8,1008.0,61,12.7
2024-11-29,16.4,25.2,0.0,40,6.0,1008.9,60,20.8
2024-11-30,16.4,24.2,0.0,350,4.5,1006.9,63,30.3
2024-12-01,18.9,25.2,0.0,18,3.4,1004.7,71,48.9
2024-12-02,20.2,26.1,0.0,357,4.6,1004.1,72,50.0
2024-12-03,21.1,27.3,0.0,0,4.8,1004.3,71,44.2
2024-12-04,22.1,28.1,0.0,28,3.7,1004.0,72,44.4
2024-12-05,22.0,27.8,0.0,150,2.9,1004.1,72,46.5
2024-12-06,20.8,27.4,0.0,169,5.0,1004.0,69,49.7
2024-12-07,21.2,27.8,0.0,59,3.7,1004.7,70,45.7
2024-12-08,20.8,27.7,0.0,56,4.9,1005.9,68,29.2
2024-12-09,19.7,26.9,0.0,335,4.4,1005.8,66,30.6
2024-12-10,20.6,26.6,0.0,359,3.2,1004.6,71,58.1
2024-12-11,21.2,27.8,0.0,4,5.7,1003.8,69,56.8
2024-12-12,21.0,27.8,0.0,10,4.2,1003.9,69,43.1
2024-12-13,21.6,27.5,0.0,127,6.7,1005.3,72,
2024-12-14,20.7,27.0,0.0,60,6.5,1007.8,71,
2024-12-15,17.0,25.8,0.0,31,6.9,1009.8,59,18.7
2024-12-16,16.2,24.8,0.0,5,7.5,1010.1,60,21.6
2024-12-17,16.8,24.3,0.0,341,5.5,1008.5,64,28.3
2024-12-18,18.2,25.2,0.0,93,3.2,1007.7,68,41.6
2024-12-19,16.7,25.3,0.0,63,4.9,1008.4,61,40.6
2024-12-20,14.9,23.5,0.0,24,4.6,1007.8,60,51.1
2024-12-21,15.9,23.6,0.0,1,4.0,1007.7,65,61.5
2024-12-22,14.9,23.5,0.0,27,4.5,1008.0,60,41.4
2024-12-23,14.8,22.9,0.0,357,6.1,1007.5,62,56.3
2024-12-24,15.7,23.3,0.0,342,4.4,1008.2,65,61.1
2024-12-25,16.2,23.7,0.0,343,5.7,1008.9,65,63.3
2024-12-26,16.6,24.1,0.0,336,6.0,1009.7,65,57.2
2024-12-27,19.6,26.5,0.0,330,5.0,1009.5,67,52.6
2024-12-28,20.2,27.1,0.0,48,4.2,1009.9,68,36.6
2024-12-29,17.4,25.3,0.0,293,5.3,1009.5,63,24.7
2024-12-30,18.0,25.2,0.0,275,4.2,1008.8,67,45.4
2024-12-31,17.1,25.0,0.0,121,3.0,1008.3,65,43.3
2025-01-01,16.7,24.3,0.0,320,5.1,1006.9,65,37.6
2025-01-02,17.6,24.5,0.0,281,3.7,1006.8,68,37.6
2025-01-03,15.7,24.4,0.0,10,4.5,1007.9,61,41.4
2025-01-04,13.2,23.4,0.0,4,4.9,1007.4,55,52.9
2025-01-05,13.4,22.9,0.0,21,5.0,1009.1,58,68.8
2025-01-06,12.7,22.0,0.0,286,4.4,1008.1,58,66.9
2025-01-07,15.5,22.5,0.0,320,3.3,1007.3,67,78.7
2025-01-08,16.0,24.0,0.0,261,3.9,1006.8,64,79.2
2025-01-09,16.7,26.3,0.0,338,5.0,1008.0,57,79.4
2025-01-10,16.5,26.4,0.0,91,5.8,1010.7,57,42.0
2025-01-11,12.2,24.0,0.0,58,7.7,1012.9,49,30.1
2025-01-12,9.5,20.6,0.0,21,5.3,1013.6,51,54.1
2025-01-13,10.3,19.6,0.0,305,4.8,1010.6,57,60.3
2025-01-14,11.6,20.8,0.0,335,5.7,1010.2,60,69.7
2025-01-15,13.1,22.0,0.0,330,6.3,1010.2,60,74.6
2025-01-16,14.8,24.2,0.0,345,8.0,1010.3,58,58.7
2025-01-17,15.9,23.8,0.0,293,5.7,1009.0,63,38.1
2025-01-18,16.4,23.6,0.0,271,4.5,1007.5,67,43.9
2025-01-19,16.8,23.9,0.0,270,5.3,1006.2,67,54.8
2025-01-20,16.1,23.6,0.0,232,3.4,1005.1,66,65.3
2025-01-21,16.2,23.6,0.0,207,3.6,1005.1,66,66.6
2025-01-22,15.9,23.6,0.0,218,3.8,1005.3,66,66.6
2025-01-23,16.7,24.2,0.0,224,3.8,1005.4,66,74.0
2025-01-24,17.3,24.5,0.0,198,4.2,1004.0,68,70.8
2025-01-25,16.1,25.2,0.0,326,4.1,1003.5,61,77.8
2025-01-26,15.9,25.3,0.0,172,4.3,1004.2,60,68.7
2025-01-27,13.8,24.6,0.0,350,6.6,1006.7,52,28.4
2025-01-28,15.2,22.8,0.0,237,4.3,1009.4,64,37.4
2025-01-29,15.3,23.0,0.0,258,5.1,1010.4,65,47.4
2025-01-30,15.8,23.5,0.0,206,5.0,1007.0,65,50.6
2025-01-31,15.4,24.7,0.0,174,5.5,1005.1,59,59.0
2025-02-01,16.4,25.6,0.0,267,4.1,1003.6,59,58.6
2025-02-02,16.1,25.5,0.0,265,3.2,1003.1,61,51.3
2025-02-03,16.5,25.9,0.0,318,3.7,1003.7,60,55.6
2025-02-04,16.7,26.5,0.0,183,7.5,1005.8,57,41.1
2025-02-05,16.8,26.5,0.0,170,6.9,1004.9,56,41.3
2025-02-06,18.9,27.4,0.0,185,6.9,1004.0,61,56.6
2025-02-07,18.6,27.4,0.0,162,5.7,1005.0,62,62.4
2025-02-08,18.3,27.7,0.1,221,6.0,1006.1,58,45.2
2025-02-09,15.7,25.8,0.0,235,6.5,1007.6,55,24.3
2025-02-10,15.5,24.8,0.0,235,5.6,1007.7,58,35.2
2025-02-11,16.5,25.4,0.0,190,5.1,1006.8,61,44.3
2025-02-12,16.6,26.0,0.0,197,4.1,1005.9,59,50.7
2025-02-13,16.2,26.8,0.0,180,4.8,1005.1,56,58.3
2025-02-14,15.8,27.5,0.0,189,5.4,1004.5,52,80.4
2025-02-15,15.9,27.8,0.0,205,4.5,1003.4,52,79.0
2025-02-16,16.1,28.2,0.0,260,6.3,1003.8,50,91.4
2025-02-17,19.0,28.4,0.0,161,7.4,1005.5,58,66.5
2025-02-18,21.0,28.0,2.8,162,10.5,1006.5,67,46.9
2025-02-19,20.6,26.6,31.4,120,9.3,1006.8,73,55.3
2025-02-20,20.8,27.2,0.8,64,6.6,1006.9,70,55.9
2025-02-21,21.7,25.8,7.3,29,8.0,1007.6,79,47.9
2025-02-22,21.4,27.7,1.5,189,5.2,1007.5,70,46.0
2025-02-23,20.8,28.4,0.0,359,5.4,1008.3,66,38.0
2025-02-24,20.1,26.5,6.3,180,7.6,1010.6,70,13.8
2025-02-25,19.8,24.0,4.6,51,4.6,1012.7,78,9.6
2025-02-26,20.3,24.8,0.0,332,5.2,1011.0,79,8.3
2025-02-27,20.5,27.0,0.0,291,5.3,1007.4,71,13.8
2025-02-28,21.6,28.4,0.0,204,4.7,1005.7,69,25.9
2025-03-01,21.3,29.4,0.0,189,7.1,1003.9,65,35.5
2025-03-02,20.4,30.4,0.0,181,8.9,1001.9,58,32.4
2025-03-03,20.8,30.2,0.0,175,8.0,1001.4,60,30.7
2025-03-04,21.0,29.9,0.0,175,9.5,1001.0,61,35.6
2025-03-05,19.5,29.5,0.0,168,7.1,1000.9,58,38.8
2025-03-06,21.3,29.6,0.0,159,6.7,1002.1,62,41.1
2025-03-07,20.8,29.3,0.3,147,10.6,1003.4,62,34.5
2025-03-08,19.9,26.2,0.1,191,6.2,1006.2,69,22.7
2025-03-09,20.9,26.9,0.0,9,4.8,1007.3,72,26.8
2025-03-10,20.6,28.6,0.0,354,4.7,1006.8,64,27.3
2025-03-11,20.7,30.3,0.0,188,6.0,1004.6,58,37.7
2025-03-12,21.4,30.3,0.1,181,10.6,1002.6,60,34.6
2025-03-13,21.6,30.0,0.0,169,13.1,1002.9,62,19.9
2025-03-14,21.7,29.8,0.0,176,9.5,1004.1,64,21.7
2025-03-15,22.0,30.8,0.0,172,8.1,1004.0,61,22.3
2025-03-16,20.9,31.1,0.0,174,9.0,1003.0,56,37.0
2025-03-17,20.9,31.1,0.0,172,12.9,1003.7,56,37.4
2025-03-18,20.2,30.4,0.1,155,11.0,1005.7,56,36.7
2025-03-19,17.9,27.8,0.0,56,6.7,1009.6,56,38.3
2025-03-20,16.2,26.6,0.0,360,7.4,1011.0,54,66.3
2025-03-21,18.0,26.3,0.0,260,5.6,1010.4,63,73.0
2025-03-22,17.3,26.4,0.0,255,5.3,1008.6,59,93.5
2025-03-23,18.8,27.4,0.0,205,4.1,1006.8,63,95.2
2025-03-24,19.0,28.8,0.0,198,4.9,1003.8,58,93.1
2025-03-25,19.0,30.2,0.0,165,7.4,1000.3,53,76.7
2025-03-26,20.5,30.4,0.0,170,7.0,998.9,57,68.0
2025-03-27,19.6,30.4,0.0,188,6.9,998.1,55,63.3
2025-03-28,19.0,29.9,0.0,170,7.2,999.2,54,58.3
2025-03-29,18.9,30.3,0.0,193,5.8,1000.8,52,63.1
2025-03-30,21.1,31.1,0.0,144,12.5,1003.3,56,46.9
2025-03-31,21.4,30.3,0.0,179,8.0,1004.4,60,30.7
2025-04-01,21.1,30.8,0.0,157,8.2,1003.9,57,35.8
2025-04-02,20.4,30.9,0.0,146,7.2,1004.6,54,35.6
2025-04-03,19.6,31.3,0.0,174,5.8,1005.3,51,57.0
2025-04-04,19.7,31.7,0.0,176,10.6,1003.9,50,86.7
2025-04-05,22.0,31.1,0.2,167,11.3,1003.1,59,39.6
2025-04-06,21.4,30.9,0.3,180,9.6,1003.3,59,29.1
2025-04-07,21.2,30.1,0.0,194,6.7,1005.2,62,25.4
2025-04-08,21.2,30.8,0.0,148,4.8,1005.9,58,32.9
2025-04-09,21.6,31.4,0.1,183,8.8,1003.6,57,34.5
2025-04-10,22.0,30.2,0.0,178,9.6,1001.9,63,38.3
2025-04-11,22.3,30.4,0.4,181,10.5,1000.5,64,34.9
2025-04-12,23.7,29.2,0.6,166,7.5,1001.9,73,15.0
2025-04-13,24.3,28.4,10.5,161,5.6,1003.4,80,21.7
2025-04-14,23.8,28.0,5.1,320,5.9,1004.9,79,8.9
2025-04-15,23.4,29.4,0.0,305,4.0,1004.1,72,23.3
2025-04-16,23.1,30.1,0.0,189,7.7,1003.1,67,25.0
2025-04-17,23.9,29.9,0.4,178,7.6,1002.2,71,17.5
2025-04-18,23.4,29.6,0.5,168,8.5,1001.6,70,25.2
2025-04-19,23.0,30.0,0.3,172,8.9,1001.3,68,29.3
2025-04-20,23.0,31.2,0.1,185,8.4,1001.8,63,17.2
2025-04-21,21.6,31.9,0.0,186,8.4,1003.1,56,32.7
2025-04-22,22.3,32.4,0.1,186,10.1,1003.1,56,34.4
2025-04-23,21.2,32.6,0.0,189,8.7,1001.4,53,35.5
2025-04-24,21.8,32.2,0.0,172,10.5,1001.0,55,35.6
2025-04-25,21.9,32.3,0.0,175,8.5,1001.2,55,36.0
2025-04-26,22.5,32.5,0.1,170,14.6,1002.0,57,37.6
2025-04-27,22.7,31.3,0.3,162,9.8,1003.1,61,25.5
2025-04-28,23.3,30.5,0.4,174,7.8,1002.8,66,31.1
2025-04-29,23.3,28.2,10.7,151,3.2,1003.9,76,31.6
2025-04-30,23.3,29.9,0.1,198,5.1,1003.2,70,31.7
2025-05-01,23.6,29.1,9.1,334,6.3,1004.5,74,13.6
2025-05-02,24.0,29.7,0.1,224,5.6,1003.0,73,28.2
2025-05-03,23.8,28.8,1.2,187,6.5,1002.4,76,32.4
2025-05-04,23.9,29.3,8.2,182,6.3,1001.2,74,15.5
2025-05-05,24.5,30.3,0.7,178,7.7,1000.5,73,34.2
2025-05-06,24.1,30.0,1.1,175,8.0,1000.4,73,43.1
2025-05-07,24.6,30.4,8.5,162,9.9,999.5,73,24.3
2025-05-08,24.6,30.7,0.5,179,7.3,999.7,71,16.8
2025-05-09,24.4,30.2,0.1,173,5.0,1000.1,72,16.1
2025-05-10,24.2,29.7,0.6,171,7.5,1000.7,74,14.4
2025-05-11,23.7,28.5,6.4,131,7.1,1000.2,76,9.6
2025-05-12,24.1,28.0,3.6,92,4.6,1000.8,80,8.8
2025-05-13,24.4,27.6,14.4,148,5.9,1001.7,84,10.9
2025-05-14,24.7,27.7,11.4,168,6.7,1002.9,84,9.8
2025-05-15,24.6,27.4,5.0,173,7.8,1003.6,85,7.8
2025-05-16,24.7,28.3,1.4,168,5.1,1003.3,82,8.1
2025-05-17,24.7,29.2,12.0,177,7.1,1003.0,78,11.0
2025-05-18,24.6,28.7,3.0,182,3.4,1002.7,80,12.2
2025-05-19,25.4,28.8,5.2,177,6.2,1001.6,83,17.2
2025-05-20,24.8,29.5,0.3,173,7.5,1001.0,77,13.5
2025-05-21,25.1,28.5,27.9,153,6.7,1001.6,82,10.4
2025-05-22,24.7,29.4,0.0,184,6.7,999.8,77,10.3
2025-05-23,24.9,30.0,1.6,196,4.9,997.8,75,10.1
2025-05-24,25.2,28.5,11.8,144,4.2,999.3,83,7.4
2025-05-25,25.0,27.4,27.5,143,5.7,1001.5,87,8.2
2025-05-26,24.3,27.4,29.7,150,7.8,1001.7,85,6.2
2025-05-27,24.4,27.5,13.0,162,10.3,1001.0,85,5.6
2025-05-28,24.9,27.9,21.8,161,8.2,1000.2,84,6.7
2025-05-29,24.7,28.2,4.0,159,12.0,1000.6,82,6.5
2025-05-30,25.2,27.9,29.7,161,10.2,1001.7,86,8.1
2025-05-31,25.3,27.1,17.6,160,10.7,1002.6,90,7.8
2025-06-01,25.1,27.2,16.8,159,10.6,1001.8,88,7.7
2025-06-02,25.0,28.6,3.3,163,8.5,1000.5,82,6.7
2025-06-03,24.4,28.1,0.8,184,8.9,1000.5,81,
2025-06-04,24.6,29.2,1.3,223,6.9,1000.7,77,
2025-06-05,24.3,29.8,0.0,253,6.0,1000.8,73,20.0
2025-06-06,24.4,30.1,0.1,221,6.4,1000.6,73,19.6
2025-06-07,24.9,30.2,0.6,211,5.5,999.7,75,15.1
2025-06-08,25.2,29.5,15.8,167,7.6,998.9,79,14.2
2025-06-09,24.6,28.9,2.2,167,8.4,998.4,79,9.2
2025-06-10,25.2,28.2,1.7,184,4.8,998.2,85,8.8
2025-06-11,25.4,27.3,22.3,22,4.7,998.8,90,10.1
2025-06-12,25.0,28.7,3.0,243,5.6,998.2,82,7.7
2025-06-13,25.0,28.4,1.8,176,7.9,998.9,83,9.7
2025-06-14,24.7,27.6,18.9,152,10.4,999.9,85,5.7
2025-06-15,25.1,27.4,30.7,157,9.5,1000.4,88,5.9
2025-06-16,24.9,28.3,0.2,165,8.1,1001.3,83,6.0
2025-06-17,25.0,28.5,3.7,160,6.0,1001.8,82,5.8
2025-06-18,25.4,28.9,0.3,159,4.2,1001.3,82,6.3
2025-06-19,25.3,28.1,5.3,168,5.8,1001.4,85,5.8
2025-06-20,25.0,28.4,10.8,184,6.1,1000.6,83,7.1
2025-06-21,24.7,28.3,19.8,176,8.0,999.6,82,8.8
2025-06-22,25.1,27.6,17.9,161,8.5,999.8,87,8.0
2025-06-23,24.8,27.6,7.5,161,7.4,999.5,85,7.4
2025-06-24,23.9,28.6,1.2,166,9.2,999.6,77,8.8
2025-06-25,24.5,28.7,0.3,151,4.3,1000.7,79,8.9
2025-06-26,25.0,27.7,43.6,185,6.2,1001.1,86,6.7
2025-06-27,24.5,26.6,9.5,168,6.3,1000.4,89,5.9
2025-06-28,24.0,26.7,6.5,165,8.6,999.6,86,6.3
2025-06-29,23.9,26.6,8.9,163,9.1,998.7,86,7.1
2025-06-30,24.2,26.7,6.1,155,10.4,998.6,87,9.8
2025-07-01,24.4,28.1,3.6,187,8.1,999.5,82,11.9
2025-07-02,24.3,26.9,3.8,160,8.7,1000.8,86,10.2
2025-07-03,24.0,26.6,16.9,168,8.2,1001.8,87,10.9
2025-07-04,24.4,27.6,4.8,197,5.9,1001.1,83,12.6
2025-07-05,24.5,28.0,0.7,165,6.0,999.5,82,10.3
2025-07-06,24.6,27.4,2.6,175,7.3,999.6,85,10.4
2025-07-07,24.4,28.1,0.9,173,8.3,999.9,81,9.4
2025-07-08,24.8,28.1,1.9,165,9.0,1000.4,83,14.0
2025-07-09,24.6,27.7,6.3,181,9.0,1000.6,84,11.7
2025-07-10,24.6,27.7,0.6,207,5.7,998.2,84,17.5
2025-07-11,24.3,26.9,12.3,209,9.4,996.4,86,11.3
2025-07-12,24.8,27.6,13.1,161,7.0,997.7,85,13.8
2025-07-13,25.1,28.7,0.3,178,6.5,999.7,82,16.2
2025-07-14,25.4,29.0,1.3,196,5.0,999.8,82,17.2
2025-07-15,25.9,29.0,5.1,165,6.1,998.7,84,11.7
2025-07-16,24.9,27.3,12.8,158,7.2,999.6,87,7.1
2025-07-17,24.8,27.4,4.2,174,8.2,1000.5,86,6.3
2025-07-18,24.4,27.5,0.8,172,8.7,999.6,84,5.3
2025-07-19,24.7,27.9,3.9,178,6.8,996.7,84,6.8
2025-07-20,24.6,27.6,13.0,154,6.5,996.3,84,11.7
2025-07-21,24.7,27.7,7.9,174,9.0,996.8,84,8.9
2025-07-22,24.5,26.3,5.9,167,10.3,995.4,90,7.3
2025-07-23,24.7,25.5,33.8,161,14.2,994.0,95,6.6
2025-07-24,24.7,26.8,8.2,161,14.5,996.9,89,8.4
2025-07-25,24.8,27.2,2.0,162,6.4,998.8,87,14.3
2025-07-26,25.1,27.4,15.2,164,6.4,999.2,88,10.9
2025-07-27,25.0,27.0,9.5,165,9.4,998.1,90,8.1
2025-07-28,24.7,27.5,6.7,172,9.1,997.2,85,10.8
2025-07-29,25.1,28.2,15.8,171,6.9,997.4,84,12.6
2025-07-30,25.3,27.6,21.0,169,8.5,998.7,87,13.5
2025-07-31,25.5,28.5,1.8,181,6.9,998.7,85,19.8
2025-08-01,24.3,29.3,0.2,220,8.2,998.4,75,21.4
2025-08-02,24.8,29.0,0.9,189,6.6,999.7,79,20.7
2025-08-03,25.2,29.4,0.3,202,5.2,1001.3,80,16.8
2025-08-04,24.7,29.6,0.0,209,6.7,1000.9,77,13.3
2025-08-05,25.6,29.4,0.7,174,6.6,1000.2,81,12.9
2025-08-06,25.2,28.0,11.0,149,5.7,1000.1,85,12.5
2025-08-07,24.6,27.7,7.5,159,9.0,1001.8,84,8.2
2025-08-08,24.5,28.6,0.0,200,3.0,1003.4,80,9.3
2025-08-09,25.0,28.1,15.3,178,6.6,1003.1,84,11.3
2025-08-10,25.1,28.6,3.2,215,4.7,1001.0,82,10.2
2025-08-11,24.1,28.1,14.7,201,5.4,999.6,79,8.9
2025-08-12,24.8,27.7,9.3,151,8.5,999.9,85,14.3
2025-08-13,25.1,27.9,5.8,127,4.6,1001.4,85,16.3
2025-08-14,24.6,28.5,7.7,183,5.0,1000.4,80,16.6
2025-08-15,24.5,26.7,16.6,178,6.4,998.3,89,10.6
2025-08-16,24.1,26.4,44.1,139,7.8,998.6,88,4.4
2025-08-17,24.0,25.8,6.4,134,6.4,1001.5,90,4.5
2025-08-18,24.4,26.1,3.4,175,5.2,1002.7,91,6.6
2025-08-19,24.5,27.1,7.6,173,5.8,1002.3,87,12.7
2025-08-20,24.2,28.6,0.2,196,6.3,1002.1,79,12.9
2025-08-21,24.2,28.7,9.1,182,6.0,1002.3,78,18.8
2025-08-22,24.5,26.7,14.7,165,7.1,1002.2,88,15.1
2025-08-23,24.1,26.4,3.4,159,6.3,1001.8,88,7.2
2025-08-24,24.9,27.2,11.1,228,3.4,1000.6,88,7.1
2025-08-25,24.9,27.6,16.5,50,6.1,998.5,86,13.1
2025-08-26,24.3,25.3,30.8,159,8.1,999.1,94,7.3
2025-08-27,23.8,26.2,25.2,155,9.4,1001.1,87,8.5
2025-08-28,23.9,26.9,2.9,156,5.6,1001.7,84,11.9
2025-08-29,24.1,28.4,0.0,318,5.7,1001.6,79,20.2
2025-08-30,24.8,27.6,4.3,349,5.4,1000.2,86,16.9
2025-08-31,24.8,26.4,47.5,182,10.2,997.8,91,3.8
2025-09-01,24.4,27.2,5.6,125,4.6,999.5,85,6.7
2025-09-02,24.7,27.6,8.9,178,5.1,1000.6,85,5.8
2025-09-03,25.0,27.9,3.3,171,4.0,1001.1,85,7.6
2025-09-04,25.5,28.4,0.7,116,5.3,1000.5,85,11.2
2025-09-05,25.2,27.9,12.6,125,5.6,1001.0,86,8.9
2025-09-06,25.2,27.7,7.6,72,5.0,1001.4,87,5.3
2025-09-07,24.9,26.9,14.2,140,6.1,1001.0,89,5.1
2025-09-08,24.4,26.6,5.5,156,8.7,1001.1,89,4.6
2025-09-09,24.5,25.9,35.6,155,9.0,1002.2,92,6.3
2025-09-10,24.2,26.8,4.8,168,11.1,1002.7,87,6.2
2025-09-11,24.4,27.7,13.3,166,6.9,1002.9,83,6.3
2025-09-12,25.0,28.5,2.5,151,3.8,1003.0,83,8.0
2025-09-13,25.4,28.6,3.2,151,4.5,1003.3,84,
2025-09-14,24.8,28.0,6.9,140,4.4,1003.7,84,
2025-09-15,24.3,27.4,9.1,158,6.3,1003.8,84,
2025-09-16,24.2,27.5,7.9,151,5.0,1003.6,83,
2025-09-17,24.6,27.4,7.3,112,4.9,1002.2,85,
2025-09-18,24.8,27.5,1.6,129,4.9,1001.2,86,
2025-09-19,24.7,27.1,18.9,122,5.8,1001.4,87,
2025-09-20,24.7,27.3,19.6,152,9.5,1000.8,86,8.4
2025-09-21,25.1,27.3,14.9,161,7.4,1000.6,88,6.2
2025-09-22,24.9,27.1,16.4,157,5.0,1001.4,88,4.8
2025-09-23,24.7,26.9,30.7,150,7.6,1000.3,88,4.1
2025-09-24,24.7,27.2,3.5,154,7.3,998.3,87,4.1
2025-09-25,24.6,27.0,23.6,146,6.8,998.6,88,5.3
2025-09-26,24.8,27.1,2.1,140,4.7,1001.3,88,4.8
2025-09-27,24.7,26.7,17.0,344,5.7,1003.1,90,3.3
2025-09-28,25.2,27.7,3.7,332,4.9,1000.2,87,5.4
2025-09-29,25.1,27.2,7.6,161,9.8,996.9,88,5.6
2025-09-30,24.4,26.5,38.8,155,13.6,1000.8,89,6.2
2025-10-01,24.5,27.5,9.1,157,8.5,1003.9,85,7.6
2025-10-02,25.3,28.2,1.3,20,3.7,1004.9,85,9.5
2025-10-03,25.2,28.1,1.4,154,4.3,1004.4,86,7.3
2025-10-04,25.5,28.0,9.1,164,4.8,1004.5,87,7.2
2025-10-05,24.7,27.4,4.3,163,6.5,1004.0,86,10.3
2025-10-06,24.5,27.8,2.9,178,7.7,1002.8,83,6.9
2025-10-07,24.5,28.5,0.6,173,7.5,1003.6,80,8.0
2025-10-08,24.9,27.7,15.8,93,3.8,1004.7,86,8.5
2025-10-09,24.6,27.6,3.9,86,4.7,1004.4,85,7.3
2025-10-10,24.7,27.8,1.9,52,4.7,1003.7,85,6.8
2025-10-11,24.6,27.7,1.7,130,4.7,1003.2,84,7.4
2025-10-12,25.1,28.2,17.0,102,5.7,1002.9,84,8.2
2025-10-13,24.9,27.5,6.0,115,5.4,1003.2,87,7.1
2025-10-14,24.7,26.9,14.2,84,3.7,1003.1,88,4.6
2025-10-15,24.1,26.4,18.7,155,5.5,1003.3,88,4.1
2025-10-16,24.6,27.1,4.4,15,4.9,1004.2,87,4.3
2025-10-17,25.0,27.9,2.1,0,4.5,1004.5,85,6.2
2025-10-18,24.7,28.0,1.6,17,5.4,1003.8,84,7.5
2025-10-19,24.6,28.4,6.8,344,3.8,1002.8,82,8.2
2025-10-20,23.7,28.5,3.3,4,4.9,1003.2,78,11.3
2025-10-21,23.5,28.5,0.3,12,5.0,1003.8,76,15.6
2025-10-22,22.6,27.8,0.4,18,5.2,1004.8,76,13.7
2025-10-23,21.8,26.8,1.6,34,6.4,1005.4,76,9.4
2025-10-24,22.2,26.8,0.2,6,4.3,1005.9,77,8.9
2025-10-25,22.9,26.2,3.3,37,4.7,1005.5,83,8.4
2025-10-26,23.1,26.3,9.4,12,5.1,1005.7,84,10.9
2025-10-27,23.2,27.4,0.7,357,3.6,1006.2,79,12.7
2025-10-28,23.6,28.0,0.1,26,5.4,1005.5,79,13.8
2025-10-29,24.1,27.7,0.3,28,4.0,1004.8,82,15.6
2025-10-30,24.4,27.2,11.1,24,5.7,1004.2,85,15.7
2025-10-31,24.8,27.1,18.5,255,5.8,1004.6,88,7.6
2025-11-01,24.7,26.6,20.9,146,5.3,1005.1,90,5.4
2025-11-02,24.1,26.5,3.8,140,8.5,1004.8,87,4.5
2025-11-03,24.1,26.3,12.4,156,7.5,1004.4,88,5.4
2025-11-04,23.6,25.7,8.8,49,3.7,1004.7,89,6.1
2025-11-05,23.6,25.9,7.0,71,3.3,1003.7,88,8.6
2025-11-06,23.9,26.7,4.0,35,4.6,1003.0,86,9.4
2025-11-07,24.5,27.3,8.0,18,7.1,1001.6,86,10.8
2025-11-08,23.9,25.7,29.7,165,4.5,1002.9,90,3.8
2025-11-09,24.3,27.2,0.7,181,5.7,1003.4,85,10.8
2025-11-10,24.7,26.7,13.9,350,3.6,1003.2,90,12.5
2025-11-11,24.2,27.4,1.3,208,3.2,1003.0,84,9.3
2025-11-12,24.2,28.3,0.2,158,3.1,1003.9,80,9.2
2025-11-13,24.2,26.5,8.5,126,5.3,1006.6,87,8.7
2025-11-14,23.3,26.4,2.0,176,5.0,1007.0,84,9.7
2025-11-15,20.2,26.2,0.3,55,6.4,1008.1,73,16.0
2025-11-16,19.6,26.4,0.0,48,6.9,1008.6,68,17.1
2025-11-17,21.8,25.9,2.4,37,5.7,1008.2,79,10.6
2025-11-18,22.1,24.9,2.2,2,7.8,1008.5,85,
2025-11-19,19.6,24.1,3.6,14,10.6,1010.1,77,
2025-11-20,18.6,24.0,0.0,17,10.0,1010.6,73,
2025-11-21,18.3,24.2,0.0,13,6.2,1010.9,71,
2025-11-22,17.8,23.8,0.0,356,5.5,1009.4,71,
2025-11-23,19.0,24.0,0.0,355,5.5,1008.7,76,
2025-11-24,19.5,24.6,0.0,3,8.0,1007.8,75,
2025-11-25,17.1,24.2,0.0,39,7.7,1008.3,67,
2025-11-26,16.6,22.9,0.0,16,7.6,1008.5,69,
2025-11-27,14.6,22.2,0.0,32,10.0,1010.0,64,
2025-11-28,11.9,20.2,0.0,1,6.9,1009.2,61,
2025-11-29,13.3,19.1,0.0,340,6.1,1007.3,72,
2025-11-30,15.4,20.4,0.0,338,6.4,1006.5,75,
2025-12-01,17.3,21.9,0.0,331,6.0,1006.2,77,
2025-12-02,19.3,23.5,0.0,332,5.4,1005.7,79,43.2
2025-12-03,20.6,24.9,0.0,342,5.8,1006.9,79,39.8
2025-12-04,20.4,25.3,0.0,353,5.6,1007.9,76,34.7
2025-12-05,21.6,25.6,0.3,67,4.0,1008.9,80,29.7
2025-12-06,21.8,25.9,0.3,22,3.6,1008.3,80,35.2
2025-12-07,21.8,26.1,0.1,33,4.0,1007.7,79,37.0
2025-12-08,19.2,25.2,0.2,77,6.5,1008.7,71,22.6
2025-12-09,17.1,23.4,0.0,37,3.7,1008.8,70,28.9
2025-12-10,16.7,23.3,0.0,0,6.5,1008.4,69,31.4
2025-12-11,19.7,23.4,5.2,345,5.0,1008.1,80,24.3
2025-12-12,21.0,23.2,3.4,341,7.2,1007.5,88,17.1
2025-12-13,21.8,24.6,39.4,352,8.1,1007.5,85,10.6
2025-12-14,22.0,25.1,1.6,353,5.7,1008.0,84,13.5
2025-12-15,21.2,25.2,0.1,346,3.8,1008.2,80,15.4
2025-12-16,20.3,25.1,0.0,327,2.9,1007.3,77,20.9
2025-12-17,20.3,25.6,0.0,43,4.2,1007.7,75,23.5
2025-12-18,20.0,25.0,0.0,12,4.0,1008.0,76,22.7
2025-12-19,19.6,24.5,0.1,335,4.7,1006.3,77,24.8
2025-12-20,18.6,24.2,0.0,331,4.8,1005.5,74,30.4
2025-12-21,17.4,24.0,0.0,16,5.3,1007.1,70,27.4
2025-12-22,19.2,24.6,0.0,334,6.2,1006.2,73,32.6
2025-12-23,20.5,25.2,0.1,1,3.1,1005.1,77,33.6
2025-12-24,20.6,25.2,0.0,333,4.0,1004.7,78,30.7
2025-12-25,19.8,25.4,0.0,349,5.3,1005.5,74,28.8
2025-12-26,18.8,24.8,0.0,331,5.2,1006.5,70,28.3
2025-12-27,18.0,23.6,0.0,359,5.4,1007.5,73,23.8
2025-12-28,18.3,23.6,0.0,347,5.0,1008.0,74,35.1
2025-12-29,18.5,23.2,0.0,345,3.0,1006.8,77,46.0
2025-12-30,18.2,23.2,0.0,241,2.5,1005.6,76,43.8
2025-12-31,19.2,23.8,0.0,235,2.9,1004.0,77,48.0
