date,dew_point_2m_mean,temperature_2m_mean,precipitation_sum,wind_direction_10m_dominant,wind_speed_10m_mean,surface_pressure_mean,relative_humidity_2m_mean
1/1/2021,15,21.4,0,55,4.6,986.1,70
1/2/2021,14.8,20.8,0,8,2.6,985.7,72
1/3/2021,15.5,21,0,354,2.6,984.6,76
1/4/2021,16.2,22.1,0,343,2.4,985.1,75
1/5/2021,16,22.5,0,342,2,985,72
1/6/2021,16.8,23,0,35,1.7,983.2,73
1/7/2021,17.1,24.3,0,349,3.2,982,67
1/8/2021,19.4,25,0.2,354,3.5,981.9,74
1/9/2021,21.3,24.8,5.9,208,2.9,982.6,82
1/10/2021,20.6,24.9,0.7,159,2.5,982.3,79
1/11/2021,20.1,24.9,1,34,2.6,983.7,76
1/12/2021,15.3,22,0.6,45,7,985.9,67
1/13/2021,13.5,19.8,0.6,31,3.7,985.4,69
1/14/2021,14.7,20.5,0,53,2.7,983.8,73
1/15/2021,14.3,21.3,0,269,3.1,982.1,67
1/16/2021,13.4,21,0,260,3.6,981.8,65
1/17/2021,14.7,21.2,0,326,3.6,984.7,70
1/18/2021,15.8,21.3,0,16,4.7,985.7,72
1/19/2021,14.8,20.9,0,358,2.9,984.2,72
1/20/2021,14.5,21.3,0,259,3.6,983.5,68
1/21/2021,14.1,21.8,0,33,2.6,983,65
1/22/2021,14.7,22.2,0,328,2.9,982.7,65
1/23/2021,13.4,21.9,0,267,4.1,982.4,61
1/24/2021,14.4,21.3,0,327,3,983.5,67
1/25/2021,15,21.5,0,353,3,983.8,70
1/26/2021,15.7,22.2,0,349,2.8,983,69
1/27/2021,16.4,23,0,6,3.2,983.1,69
1/28/2021,17.1,23.3,0,12,3,984.3,72
1/29/2021,17.3,24,0,235,4.1,984,68
1/30/2021,20,23.1,5.5,218,3.8,984.5,84
1/31/2021,18.6,22.7,0.7,198,4.2,985.1,81
2/1/2021,16.1,22.7,0,137,3.8,985.6,69
2/2/2021,14,22,0,307,3.6,985.4,64
2/3/2021,14.5,22.2,0,328,2.9,985.4,65
2/4/2021,13.6,22.5,0,22,3,985.8,60
2/5/2021,14.1,23.2,0,49,2.8,984.7,59
2/6/2021,15.7,23.4,0,212,3.3,983.4,64
2/7/2021,18,23.1,1.2,306,3.2,983.3,75
2/8/2021,19.4,20.3,18.4,211,3.3,983.3,95
2/9/2021,15.2,19.3,0.1,9,3.2,984,79
2/10/2021,13.8,19.1,0,4,3.2,983.8,76
2/11/2021,14.8,20.5,0,88,2.5,983.4,74
2/12/2021,15.8,22.4,0,310,3.2,983.6,70
2/13/2021,15.6,22.5,0,261,3.3,983.8,68
2/14/2021,13.5,22.2,0,304,2.9,983.9,63
2/15/2021,14,21.5,0,226,3.5,982.4,66
2/16/2021,14.4,22.4,0,333,3.2,982.3,65
2/17/2021,14.3,23.4,0,338,3.2,983.6,60
2/18/2021,18.8,23,5.4,47,3.6,986.7,78
2/19/2021,19.4,22.9,0.7,349,2.9,988,82
2/20/2021,17.9,23.4,0,20,2.8,986.4,75
2/21/2021,18.7,23.9,0.2,4,2.8,985.1,76
2/22/2021,18.9,24.8,0,331,2.3,983.6,74
2/23/2021,18,25.9,0,182,3.5,982.2,65
2/24/2021,17.5,26,0.3,220,4.3,980.6,63
2/25/2021,14.4,25.6,0,213,4.4,979.5,55
2/26/2021,13.3,24.6,0,181,3.5,978.6,53
2/27/2021,13.2,24.1,0,75,3.4,979.2,54
2/28/2021,13.9,24.8,0,287,3.1,980.4,54
3/1/2021,12.8,24.6,0,306,3.5,983.2,51
3/2/2021,13.2,24.5,0,316,2.6,983.7,53
3/3/2021,14.2,25,0,232,3.4,982.8,53
3/4/2021,15.7,25.3,0,231,4.8,983,59
3/5/2021,10.7,25.4,0,229,3.7,983.1,47
3/6/2021,7.4,24.5,0,99,3.3,984.1,36
3/7/2021,8.4,24.5,0,63,2.7,983.7,39
3/8/2021,9.3,24.8,0,141,3.5,983.9,40
3/9/2021,11.9,24.5,0,52,3,983.9,48
3/10/2021,14.3,24.5,0,50,3.1,984.1,55
3/11/2021,14.6,25.2,0,63,3,984.3,55
3/12/2021,15.1,26,0,40,3,984.7,53
3/13/2021,14.4,25.9,0,13,3.4,983.6,53
3/14/2021,16.7,26.1,0,227,3.7,981.6,58
3/15/2021,17.5,27,0,205,3.5,980.8,61
3/16/2021,16,26.1,0,359,3.2,980.6,57
3/17/2021,16.3,26.5,0,278,2.9,980.4,57
3/18/2021,17.2,27,0,104,3.5,980.2,58
3/19/2021,17.1,28,0,183,3.6,979.5,55
3/20/2021,18,28.4,0,256,3.2,978.1,57
3/21/2021,17.6,28.8,0,325,2.7,978.8,54
3/22/2021,17.3,28.5,0,19,4.1,981.5,54
3/23/2021,21.1,27.7,1.7,217,3.8,983.3,70
3/24/2021,20.1,28.5,0.4,220,3.6,981.4,63
3/25/2021,19,29.4,0,267,2.6,980.4,57
3/26/2021,18.9,29.8,0,240,4.3,980.2,55
3/27/2021,18,30.1,0,219,3.4,979.3,52
3/28/2021,18,29.7,0,227,4.1,978.7,52
3/29/2021,16.6,29.2,0,262,4.9,978.2,50
3/30/2021,17,29.4,0,197,7.2,976.6,51
3/31/2021,15.7,30,0,230,5.2,976,50
4/1/2021,13.4,30.2,0,227,4.4,976.5,40
4/2/2021,13.4,30.6,0,200,3.9,977.5,38
4/3/2021,18.2,29.5,0,284,4.3,978.7,53
4/4/2021,19.9,26.7,3.7,33,4.8,981.1,69
4/5/2021,20.9,24,19.1,354,4.8,983.1,85
4/6/2021,20,21.5,33.6,332,4.9,984.7,92
4/7/2021,19.7,23.8,0.5,230,2.5,984.1,80
4/8/2021,21.9,26.3,1.1,206,3.1,982,78
4/9/2021,22.3,27,0,117,2.6,981.5,78
4/10/2021,22.7,27.2,2.8,182,3.6,982.6,78
4/11/2021,23.4,27.2,1.1,187,3,983.9,81
4/12/2021,22.7,27.8,2.2,186,3,983.9,75
4/13/2021,23.7,27.4,3.1,107,2.5,982.9,82
4/14/2021,23.6,27.2,10,206,3.5,982.3,83
4/15/2021,22.9,27.5,0.1,217,3.4,981.3,78
4/16/2021,23.6,26.9,7.1,247,2.9,981.4,84
4/17/2021,23.1,23.7,31,293,2.8,983.2,96
4/18/2021,22.1,25.3,4.2,210,3.3,982.5,84
4/19/2021,21.4,27.4,0.1,204,3.8,980.2,72
4/20/2021,21.5,28,0.1,222,3.1,979.9,70
4/21/2021,21.9,29.1,0.1,199,3.8,980.5,68
4/22/2021,22.3,29.7,0,207,3.6,980.1,67
4/23/2021,22.9,29.5,0.7,195,5,978.7,70
4/24/2021,23.7,29.8,1.5,199,5.5,978.5,72
4/25/2021,23.8,28.8,0.9,198,3.7,979.9,75
4/26/2021,23.8,27.9,1.2,217,3.7,980.3,79
4/27/2021,24,26.6,11.9,85,2.9,981.7,87
4/28/2021,23.9,26.1,7.1,66,2.5,983,89
4/29/2021,23.4,26.2,4.6,148,2.8,982.4,86
4/30/2021,23,26.2,7.5,188,3.2,982,84
5/1/2021,23.7,26,15.6,160,3,982.4,89
5/2/2021,23.6,26.6,5.4,195,3.2,982,85
5/3/2021,22.8,27.7,3,180,4.1,980.4,77
5/4/2021,22.3,28.1,0.7,237,3.2,980.5,73
5/5/2021,22.8,27.8,2.4,263,3.4,980.9,76
5/6/2021,23.1,27.1,4.8,282,2,983.4,80
5/7/2021,22.1,28,0,286,2.4,983.4,74
5/8/2021,22,28.2,0.6,246,3.3,982,71
5/9/2021,22.5,27.6,0.2,216,3,980.7,76
5/10/2021,23.6,27.3,2.4,189,4,979.8,81
5/11/2021,23.7,27.2,7.7,188,3.6,979.3,83
5/12/2021,23.6,27.6,12.5,210,4,978.3,81
5/13/2021,23.5,27.6,2.1,209,4.2,977.9,80
5/14/2021,23.4,28.1,5.2,192,4.4,977.7,78
5/15/2021,22.3,30,0.4,203,5.5,978.3,66
5/16/2021,22.1,30.6,0.1,221,3,978.5,64
5/17/2021,23.1,30.8,0.2,199,4.3,978.8,65
5/18/2021,24.2,29.7,3.8,203,4.5,979.4,73
5/19/2021,23.5,30.3,0.6,187,5.5,978.3,68
5/20/2021,23.8,30,1.3,193,5.6,978.5,70
5/21/2021,24.4,29.4,2.3,191,5.5,978.4,76
5/22/2021,24.6,29.2,10.3,199,5.1,977.1,78
5/23/2021,23.8,29.4,2.1,188,6.3,977.6,74
5/24/2021,22.7,29.4,0.5,194,5.7,978.4,69
5/25/2021,22.9,28.8,1.3,211,6.6,978.1,72
5/26/2021,22.9,27.3,1.2,209,5.6,978.4,77
5/27/2021,22.2,29.8,0,213,3.6,978.4,67
5/28/2021,23.9,28.6,14.8,185,4.7,979.7,78
5/29/2021,24.7,26.4,64.4,209,3.6,979.6,91
5/30/2021,25,26.9,10.2,203,4.2,978.5,90
5/31/2021,24.6,27.2,11.8,196,4.5,977.8,86
6/1/2021,23.5,28.7,1.2,202,5.7,978.1,76
6/2/2021,23.8,29.1,3.8,192,6.1,978.5,75
6/3/2021,24,29.8,2,195,5.1,979.1,73
6/4/2021,25.2,28.4,12.1,204,4,979.4,84
6/5/2021,24.8,26.7,18.9,197,4,979.1,89
6/6/2021,24.2,26.7,3.6,190,5.7,978.1,87
6/7/2021,24.4,27,15,189,4.6,977,86
6/8/2021,24.3,26.2,12.6,189,4.7,976.6,90
6/9/2021,22.9,26.8,2.3,189,8.5,976.3,80
6/10/2021,24.2,25,33.3,200,4.5,975.8,96
6/11/2021,23.6,25.8,16.7,191,5.3,975.9,88
6/12/2021,23.4,26,5,202,4.4,977.6,86
6/13/2021,23.3,26.1,10.1,186,5.2,977.2,85
6/14/2021,23.9,24.1,27.1,183,4.3,976.9,98
6/15/2021,23.6,24.8,28.4,194,6,976.3,94
6/16/2021,23.7,24.9,16.4,194,6,978,94
6/17/2021,22.8,25.5,51.4,204,5.2,979.9,86
6/18/2021,23.1,26.2,4.7,198,5.2,981.8,84
6/19/2021,23,26.8,3,195,5.7,981.1,80
6/20/2021,23.1,26.8,1.2,199,7.1,979.6,81
6/21/2021,23.6,26.2,14.3,191,6.2,978.4,86
6/22/2021,23.7,26.3,5.4,192,5.9,979.1,86
6/23/2021,23.5,26.2,6.1,187,5.1,979.9,86
6/24/2021,23.7,26.2,6,185,7.2,978.8,87
6/25/2021,23.2,26.7,2.4,190,6.4,977.6,82
6/26/2021,23.8,26.3,5.9,190,5.5,978.7,86
6/27/2021,23.5,26.6,1.5,189,6.1,980.8,83
6/28/2021,23.9,26.1,18.7,186,6.9,980,88
6/29/2021,24,25.7,14.2,179,5.9,978.6,90
6/30/2021,23.9,25.7,20,187,6.1,978.3,91
7/1/2021,24.1,24.8,22.3,188,4.5,978.6,96
7/2/2021,23.6,25.1,12.6,188,5.6,979.6,92
7/3/2021,23.7,25.8,8.8,187,5,979.6,89
7/4/2021,23.6,27.3,3.4,192,5.7,978.8,82
7/5/2021,24.4,27.8,4.5,190,4.5,977.7,83
7/6/2021,24.8,25.9,32.3,183,3.2,976.8,94
7/7/2021,24.3,26.8,8,195,3.8,977.4,87
7/8/2021,24.6,26.1,6.1,180,3.5,977.2,92
7/9/2021,24,26.4,4.1,177,3.2,976.4,87
7/10/2021,24.7,27.3,4.4,38,3.7,976.8,87
7/11/2021,24.2,27.5,6.9,50,4.5,978.2,84
7/12/2021,23.4,26.8,3.5,159,4.6,980.2,83
7/13/2021,23,27.6,0.3,198,4,979.7,78
7/14/2021,24,28.1,1.2,198,4,978.5,79
7/15/2021,24.7,26.9,19.3,213,3.4,979,88
7/16/2021,24,26,23.7,190,4.2,980.5,89
7/17/2021,23.8,26.7,4.3,190,4.3,978.9,85
7/18/2021,24.2,26.7,6.9,190,5,976.9,87
7/19/2021,24.3,25.8,23.3,194,5.7,975.5,92
7/20/2021,24.1,25.2,10.3,183,6.5,975.7,94
7/21/2021,23.6,26.1,8.3,184,7.2,975.5,87
7/22/2021,24,25,20.2,204,4.9,975.7,94
7/23/2021,24.1,25.6,21.9,195,6,976.9,92
7/24/2021,23.9,25.3,11,175,5,976.6,92
7/25/2021,24.5,25.9,20.6,185,4.9,976.1,93
7/26/2021,24,24.2,25.6,181,5.6,975.3,99
7/27/2021,23.9,24.7,10.5,193,4.9,975.3,95
7/28/2021,23.7,25.1,14.6,198,5.4,975.6,92
7/29/2021,24.2,26.3,4.8,193,4.1,976.3,89
7/30/2021,24.4,26.8,4.5,190,4.6,977.7,87
7/31/2021,24.6,26.5,17.7,185,5.6,977.9,90
8/1/2021,24.4,25.7,24.6,187,6.3,976.8,93
8/2/2021,24.2,25,27.8,187,5.7,976.8,96
8/3/2021,24.2,24.6,29.3,182,4,977.1,98
8/4/2021,24,24.9,13.4,193,4.8,977.5,95
8/5/2021,23.8,24.9,17.6,185,5.7,976.6,93
8/6/2021,23.6,25.7,8.7,195,6.4,977.6,89
8/7/2021,24.1,25.9,7,191,5.1,979.8,90
8/8/2021,24,27.6,2.2,194,6,979.8,82
8/9/2021,23.9,28.1,1.9,190,5.2,978.5,79
8/10/2021,24.5,27.7,3.1,189,4.2,976.7,83
8/11/2021,25.3,25.7,14.8,178,2.1,978.1,98
8/12/2021,24.4,26.5,2.2,200,4.2,980.2,89
8/13/2021,24.1,26.5,4.7,187,5,978.8,87
8/14/2021,24.6,25.1,25.4,197,4,977.2,97
8/15/2021,24.3,25,13.8,193,4.3,978.1,96
8/16/2021,24,24.5,36.2,188,5,981.9,97
8/17/2021,23.9,24.4,12.9,214,2.7,983.3,97
8/18/2021,23.9,25,10.5,201,3.2,981.5,94
8/19/2021,23.7,25.9,2.6,185,3.6,980.3,89
8/20/2021,24,25.8,12.8,184,2.5,981.4,91
8/21/2021,23.8,27.1,0.5,195,3.8,981.2,84
8/22/2021,23.7,27.7,0.7,193,4.9,979.8,80
8/23/2021,24.2,27.6,5,190,5.5,978.5,83
8/24/2021,24.6,26.2,14.2,185,3.6,977.7,91
8/25/2021,24.5,26.1,17.2,192,3.6,976.6,91
8/26/2021,24.6,26.4,11.4,174,3.6,977.2,91
8/27/2021,24,27.2,4.4,136,3.9,978.1,84
8/28/2021,24.2,25.4,18.2,221,3.2,978.4,94
8/29/2021,24,25.7,7.7,23,2.3,979.1,91
8/30/2021,23.5,26.2,2,136,2.6,980.5,86
8/31/2021,24.1,26.7,1.3,141,2.5,981,87
9/1/2021,24.1,26.6,8.9,166,2.7,980.4,87
9/2/2021,23.9,26.5,13.6,177,3.5,979.4,87
9/3/2021,23.4,26.6,2.3,195,3.9,978,84
9/4/2021,23.2,25.9,5.4,196,5.2,978,86
9/5/2021,22.6,25.9,3.1,189,5.3,979.4,83
9/6/2021,23,26.6,3.9,201,3.1,981.6,82
9/7/2021,24.1,26.5,1.6,145,2.2,981.6,88
9/8/2021,24.4,26.9,1,130,2.6,978.9,88
9/9/2021,24.1,26.4,5.9,27,3.9,977.3,88
9/10/2021,23.5,26.5,5.7,34,3.7,978.7,85
9/11/2021,23.9,25.8,10.6,201,4.8,979.4,90
9/12/2021,23.5,25.9,10.8,202,4.9,978.4,87
9/13/2021,23.8,26.4,2.1,200,3.7,979.1,86
9/14/2021,24.2,25.3,7.9,307,1.8,980.3,94
9/15/2021,24.9,26.1,39.4,304,2.8,979.9,94
9/16/2021,24.6,25.9,38.4,298,3.4,979.7,93
9/17/2021,24,25.4,16.8,205,3.7,980.5,92
9/18/2021,23.4,26.8,3.5,182,3.3,981.4,82
9/19/2021,24.1,27.1,2.5,193,2.9,981.5,85
9/20/2021,24.2,26.7,16.7,144,2.9,980.3,87
9/21/2021,24,26.9,4.5,21,2.6,979.1,86
9/22/2021,23.8,27,0.9,69,3.5,978,84
9/23/2021,24,26.4,15.2,47,3.7,979.4,88
9/24/2021,23.9,25.5,12.3,226,3.6,980.7,91
9/25/2021,24.1,25.9,10.9,310,2.7,979.1,90
9/26/2021,23.5,25.7,3,12,5.3,978.2,88
9/27/2021,23.4,25.5,18,12,4.5,980.5,89
9/28/2021,24.2,26,2.8,292,2.4,981.8,91
9/29/2021,24.7,27,0.4,275,1.9,981.2,88
9/30/2021,25,27.4,0.8,197,2,980.9,88
10/1/2021,25.1,26.6,9.3,101,2.5,980.9,92
10/2/2021,24.6,26,18.4,189,2.3,981.2,92
10/3/2021,23.9,26.5,13.6,210,3.5,980.6,86
10/4/2021,24.2,26.3,4.2,67,2.9,980.7,89
10/5/2021,23.9,26.9,1.8,122,1.5,980.8,85
10/6/2021,23.9,26.7,0,106,1.8,978.9,86
10/7/2021,24.3,27,1.7,118,2.7,977.4,86
10/8/2021,24.3,27.3,0,145,2.7,977.1,85
10/9/2021,24.1,27.6,0.4,160,2.6,977.4,82
10/10/2021,25.1,27.2,0.9,234,2.5,977,89
10/11/2021,24.8,25.7,43.2,281,2.2,976.6,95
10/12/2021,24.3,26.1,10.7,32,4.7,976.9,90
10/13/2021,23.5,27,0.4,83,3.8,976.2,83
10/14/2021,23.1,26.7,3.3,187,3.3,976,82
10/15/2021,22.6,26.1,0.8,33,4.8,976.7,82
10/16/2021,22.5,24.6,8.9,5,6.8,979.8,88
10/17/2021,21.7,25.3,4.7,12,6.1,982.8,82
10/18/2021,21.1,25.5,0.2,31,3.9,983.3,79
10/19/2021,23.2,25.1,5.8,295,2.7,985.1,89
10/20/2021,23.4,25.9,1.1,193,3.3,985.1,87
10/21/2021,23.3,25.6,12.4,188,4.7,983.6,87
10/22/2021,23.7,25.4,6.1,219,3.5,983.7,91
10/23/2021,23.5,24.3,19.2,265,2.5,985.2,95
10/24/2021,23.3,24.4,17,349,2.8,985.6,94
10/25/2021,23.1,25.5,3.9,163,2,984,88
10/26/2021,22.9,25.3,3.4,169,2.6,983.3,88
10/27/2021,23.3,25.8,1.6,60,2.1,983.7,88
10/28/2021,23.2,25.4,3.9,51,2.6,983.7,89
10/29/2021,23.2,25.9,0,34,3.6,984.4,87
10/30/2021,23.2,24.7,6.9,358,2.3,985.3,92
10/31/2021,23.3,25,1.6,176,2.2,984.7,91
11/1/2021,23.3,25,16,158,2.7,984.9,91
11/2/2021,23.3,25.3,3.6,346,2.2,985,90
11/3/2021,23.3,25.4,4.6,185,2.4,984.2,89
11/4/2021,23.2,24.9,19.3,179,2.3,984.1,91
11/5/2021,22.8,25.6,0,127,2,982.4,86
11/6/2021,23,25.6,0,136,1.9,980.4,87
11/7/2021,23.1,26.2,0,236,1.7,980.5,85
11/8/2021,23.4,26,0.3,28,2.4,982.1,87
11/9/2021,22.7,26.1,2.7,154,2,983.8,83
11/10/2021,22.2,25.2,1.8,55,2.9,984.1,85
11/11/2021,22.4,25.4,0.7,257,2.4,983.4,85
11/12/2021,22.6,24.8,8.6,3,2.8,984.3,89
11/13/2021,22.6,25,4,256,3,984,87
11/14/2021,22.2,25,0,198,2.8,983.4,86
11/15/2021,22,25.3,0.9,145,2.1,982,83
11/16/2021,22.2,25.8,1.3,127,1.9,982.3,83
11/17/2021,22.7,26.1,0.2,345,1.8,983.4,84
11/18/2021,22.4,25.8,1.1,208,3,982.5,84
11/19/2021,22.1,26.1,0.2,291,2.3,980.7,81
11/20/2021,18.8,25.8,0,20,2.4,980.6,68
11/21/2021,16.4,24.5,0,320,2.2,982,63
11/22/2021,17.9,24.1,0,262,2,982.4,72
11/23/2021,21,24.2,3.1,207,3,982.9,84
11/24/2021,21.7,24.3,5.1,349,3.2,984.4,86
11/25/2021,21.5,23.7,2.8,247,2.6,985,88
11/26/2021,21.2,23.8,0.2,311,2.2,984.8,86
11/27/2021,21,23.8,3,4,3.4,985.3,85
11/28/2021,19.2,24.2,0,62,3.6,985.8,76
11/29/2021,18.1,23.5,0,9,2.9,985,75
11/30/2021,16.4,22.5,0,64,3.6,985.4,72
12/1/2021,15.9,22.1,0,49,4.6,985.7,71
12/2/2021,15.5,21.9,0,51,4.9,986.3,70
12/3/2021,16.1,21.9,0,29,3.6,987.4,73
12/4/2021,14.7,21.3,0,40,4.1,987.4,69
12/5/2021,13,20.3,0,58,4,987.3,66
12/6/2021,13.5,20.7,0,59,3.3,986.6,67
12/7/2021,15,21,0,338,3.1,986.5,72
12/8/2021,16.4,22.3,0,36,2.5,986.9,73
12/9/2021,15.6,22.3,0,51,4.1,987.8,70
12/10/2021,16.5,22.6,0,316,3,986.9,72
12/11/2021,17.2,23.2,0,135,2.1,986.4,72
12/12/2021,17.6,23.1,0,62,2.3,986.6,76
12/13/2021,16.4,22.9,0,83,2.7,986.1,71
12/14/2021,15.9,22.5,0,240,2.5,984.9,70
12/15/2021,15.6,21.9,0,171,1.6,984.2,72
12/16/2021,15.4,22.2,0,324,3,984.3,69
12/17/2021,14.5,21.2,0,56,2.4,984.9,72
12/18/2021,14.7,21.4,0,60,3.5,985.4,70
12/19/2021,14.8,21.5,0,40,3.2,985.8,69
12/20/2021,14.8,20.9,0,20,2.7,985.5,71
12/21/2021,14.8,20.4,0,205,2,985,74
12/22/2021,15.1,20.5,0,254,3.2,984.1,74
12/23/2021,16.2,21,0.3,205,4.9,983.5,76
12/24/2021,16.2,21.2,1,189,3.5,984.1,75
12/25/2021,15.2,21.7,0,245,3.8,984.9,70
12/26/2021,15.5,22.3,0.1,211,3.2,986.7,67
12/27/2021,16.2,22.5,0,315,3.1,987.5,70
12/28/2021,16.2,22.7,0,230,2.5,987.2,70
12/29/2021,16.7,22.7,0,329,2.6,987.4,73
12/30/2021,17.8,22.3,0,43,2.7,988.8,78
12/31/2021,18.1,23,0,42,1.8,988.3,77
1/1/2022,18.5,23.4,0,306,2.2,987.6,77
1/2/2022,16.8,23.1,0,333,2.5,986.9,71
1/3/2022,15.5,22.3,0,250,2.6,985.7,70
1/4/2022,15,22.3,0,149,2.5,985.8,67
1/5/2022,14,22.3,0,38,2.4,985.3,63
1/6/2022,13,22,0,42,2.6,985.3,60
1/7/2022,14.6,22,0,324,2.5,986.1,66
1/8/2022,14.8,22.8,0,349,2.3,985.8,63
1/9/2022,14.4,22.6,0,19,2.4,984.5,62
1/10/2022,15.2,22.5,0,313,2.5,984.8,65
1/11/2022,16.1,22.5,0,29,2.4,985.4,69
1/12/2022,17.7,22.9,0.8,193,2.8,985.7,75
1/13/2022,17.8,23.1,0,177,3.9,985.8,74
1/14/2022,17.3,22.8,0,152,2.8,985.3,73
1/15/2022,18.8,22.2,13.3,251,3.3,985.3,83
1/16/2022,19.6,21,31,262,3.5,985.9,92
1/17/2022,19.3,21,2.8,354,2.3,986.6,91
1/18/2022,18.3,21.2,0.1,240,2.7,985.4,85
1/19/2022,18,20.4,3.9,78,3.6,984,87
1/20/2022,17,20.4,0.8,189,4.4,982.4,82
1/21/2022,16.8,21,1.4,205,4.6,981.8,78
1/22/2022,15.4,20.8,0,245,3.1,980.9,74
1/23/2022,13.6,20.5,0,98,2.9,982.2,67
1/24/2022,12.6,21.2,0,201,2.8,982.6,60
1/25/2022,14.2,21.3,0,317,2.8,982.9,66
1/26/2022,13,21.5,0,204,4.3,982.9,62
1/27/2022,14.6,21.7,0,241,2.9,983.2,66
1/28/2022,14.6,21.9,0,195,4.3,983,66
1/29/2022,14.2,21.6,0,237,4.1,981.7,66
1/30/2022,11.8,20.1,0,210,4.5,980.6,61
1/31/2022,12.9,20.3,0,221,4.2,981.3,64
2/1/2022,12.7,20.6,0,220,4.3,981.6,64
2/2/2022,11.2,20.6,0,257,3.6,983.3,59
2/3/2022,9.6,21.1,0,351,2.9,984,50
2/4/2022,13,21.8,0,302,2.8,983.4,59
2/5/2022,17.5,20.8,7.7,84,3.8,983.8,82
2/6/2022,18.6,21,3.3,188,4.7,984.4,87
2/7/2022,14.7,21.8,0,235,4.6,983.4,69
2/8/2022,11.2,21.5,0,239,4.1,983.3,54
2/9/2022,11.5,22.1,0,242,4.1,983.7,54
2/10/2022,10.6,22.4,0,348,2.7,983.2,51
2/11/2022,12.8,22.7,0,311,3.2,982.3,57
2/12/2022,10.9,22.5,0,247,4.3,980.8,51
2/13/2022,11.2,21.4,0,359,3.2,980.5,57
2/14/2022,11.5,22,0,259,2.6,981.2,55
2/15/2022,12,23.5,0,313,3,981,51
2/16/2022,14.8,23.8,0,200,4.6,979.5,60
2/17/2022,18.4,24.8,0,192,4.6,978.8,70
2/18/2022,21.1,24.3,42.9,182,4.2,979.8,84
2/19/2022,22.3,23.5,4.2,194,3.5,980.8,93
2/20/2022,18.2,24.5,0.2,194,5.8,978.8,71
2/21/2022,15.9,22.9,0.1,196,5.1,981.2,68
2/22/2022,16.5,24,0,215,4.9,983.5,67
2/23/2022,11.4,22.8,0,312,3.3,985.9,52
2/24/2022,12.5,22.9,0,341,2.8,986.7,54
2/25/2022,12.3,23.2,0,359,2.6,986.6,55
2/26/2022,13.3,23.4,0,5,2.4,986.3,58
2/27/2022,13.3,24.1,0,104,2.8,984.7,55
2/28/2022,12.4,25,0,225,3.4,984,48
3/1/2022,11.8,26.2,0,356,3.2,983.5,44
3/2/2022,13.7,25.8,0,222,3.5,983.2,50
3/3/2022,16.5,26.8,0,221,4.1,982.8,56
3/4/2022,17.8,27.1,0,203,4,981.8,60
3/5/2022,17.5,27.8,0,217,4.5,980.2,57
3/6/2022,17,27.6,0,210,4,980.3,57
3/7/2022,17.3,27.6,0,339,3.9,982.1,56
3/8/2022,20,26.7,0.6,296,4.5,982.5,70
3/9/2022,21,27.2,0.6,249,3.2,981.5,72
3/10/2022,20.6,28.1,0,225,4.1,980.3,67
3/11/2022,20.8,28.9,0,218,2.8,979.5,66
3/12/2022,20.8,29.5,0,193,3.2,978.8,63
3/13/2022,19.8,30.1,0,209,4,979,57
3/14/2022,19.3,30.1,0,214,3.9,979.5,55
3/15/2022,21.1,28.9,0.2,198,4,978.2,67
3/16/2022,20,28.5,0.5,204,3.5,978.1,63
3/17/2022,18.7,28.1,0,167,3.7,978.9,60
3/18/2022,19.6,26.5,5.9,320,3.1,979.5,71
3/19/2022,18.4,27.6,0,205,4.6,978,64
3/20/2022,18.9,29,0,213,4,978.2,59
3/21/2022,21,27.9,9.1,187,4.4,979.6,69
3/22/2022,23.4,25.7,14.7,194,3,980.2,88
3/23/2022,22.9,26,9,198,5.5,980.5,85
3/24/2022,22.4,26.5,4,195,5.6,980,80
3/25/2022,19.3,27.5,0,197,4.7,980.4,65
3/26/2022,18.5,28.2,0,202,3.7,981.9,60
3/27/2022,19.8,27.6,0,316,3.6,981.9,65
3/28/2022,20.5,26.6,1,233,4,981,71
3/29/2022,20.1,27,0.9,199,4.9,980.3,69
3/30/2022,19,27.6,0.1,202,4,980.9,62
3/31/2022,17.3,28.5,0,178,3.8,981.1,56
4/1/2022,16.8,28.9,0,170,4.7,981.2,52
4/2/2022,17.9,26.5,0.6,51,7.4,984.9,60
4/3/2022,13.1,25.5,0,53,8.2,985.9,48
4/4/2022,16,26.9,0,118,4.3,985.1,54
4/5/2022,17.5,29,0,135,3.6,985.1,53
4/6/2022,22.3,26.7,4.9,292,2.8,984.9,79
4/7/2022,21.2,26.6,0.6,62,4.4,984.4,75
4/8/2022,20.9,25.8,2.1,206,3.7,983.6,77
4/9/2022,21,27.1,0,260,3.3,981.5,73
4/10/2022,19.8,28.2,0,214,3.8,980,64
4/11/2022,19,28.6,0,225,4,979.1,59
4/12/2022,18.4,29.2,0,222,4.8,978.3,56
4/13/2022,18.8,29.8,0,243,3.6,977.6,56
4/14/2022,20.6,29.9,0,218,5.7,977.7,61
4/15/2022,21.4,30.6,0,199,5.7,977.8,61
4/16/2022,22.4,29.4,0.7,213,4.7,978,69
4/17/2022,22.2,29.4,0,212,4.2,978.7,69
4/18/2022,19.3,30.4,0,163,4.3,980.3,55
4/19/2022,21,27.8,4.9,299,3.7,982.8,70
4/20/2022,21.6,26.2,3.8,277,3.3,981.9,78
4/21/2022,21.3,26.5,4.3,220,4.6,980.5,77
4/22/2022,20.8,28.2,0.7,219,4.1,980.2,67
4/23/2022,20.4,30,0.1,210,4.1,979.3,59
4/24/2022,20.9,30.7,0.2,224,4.2,978.2,58
4/25/2022,21.4,31.3,0,223,4.7,977.9,58
4/26/2022,22.3,30.4,0.5,218,4.4,978.5,64
4/27/2022,23.2,30.1,0.5,215,4.2,978.7,68
4/28/2022,22.6,29.7,3.9,245,3.1,978.9,69
4/29/2022,22.7,29.2,0.5,254,2.7,979.9,70
4/30/2022,22.3,28.6,5.9,243,3.3,979.1,70
5/1/2022,20.4,28.5,0,284,2.9,977.9,66
5/2/2022,21.9,27.4,12.6,52,4.4,979.2,75
5/3/2022,20.7,26.8,1.2,47,4.4,982,73
5/4/2022,20.1,27,0.9,43,4.3,981.6,69
5/5/2022,21.9,26,11.9,308,3.2,980.3,81
5/6/2022,22.9,26.1,9.3,78,3.5,979.7,84
5/7/2022,23.3,26.4,14.4,94,3.5,980,85
5/8/2022,23.9,26.1,24.7,22,2.9,980,89
5/9/2022,23.7,27.2,5,190,2.6,979.9,83
5/10/2022,23.8,26.6,18.9,196,3.8,980.1,86
5/11/2022,23.8,26.9,5.3,183,4.1,979.2,85
5/12/2022,23.9,26.1,8.6,189,3.9,978.5,88
5/13/2022,24,27.2,7.6,194,5.3,977.8,84
5/14/2022,24,28,2.3,207,5.3,978.3,81
5/15/2022,24.2,28.1,3,198,5.7,979.6,81
5/16/2022,23.1,29.1,1.6,201,5.8,978.9,72
5/17/2022,23.6,26,38.9,349,3.6,979.6,88
5/18/2022,23.9,26.5,2.7,186,3.6,980.2,87
5/19/2022,24.2,26.2,19.6,305,2.9,979.8,90
5/20/2022,24.5,25.8,8.9,356,4,976.5,92
5/21/2022,24.3,24.9,28.5,341,3.2,972.8,97
5/22/2022,23.5,26.9,1.7,190,6,972.5,83
5/23/2022,23.5,26.7,9.6,189,6.3,974.6,83
5/24/2022,23.2,25.9,5.6,187,5.3,977.3,86
5/25/2022,23.3,26.2,5.3,193,6.2,978.9,85
5/26/2022,22.5,28,1.9,206,7.3,977.1,74
5/27/2022,23,27.3,2.1,192,7.3,975.6,79
5/28/2022,23.3,26.9,11.6,190,5.8,975.1,82
5/29/2022,23.8,26.4,7.1,195,6.7,975.7,87
5/30/2022,24.1,26.7,20.8,194,4.7,976,87
5/31/2022,24.1,25.9,26,195,3.8,976.1,90
6/1/2022,23.6,26.4,12.6,189,4.4,977.2,86
6/2/2022,23.1,27.4,1.2,203,5.7,977.6,79
6/3/2022,23.1,27.1,4.1,196,6.7,977.8,79
6/4/2022,23,27.6,2,191,6.9,978.5,77
6/5/2022,22.9,27.4,13.9,196,6.7,978.2,77
6/6/2022,22.9,27.1,3.3,190,7.6,977.5,78
6/7/2022,22.5,26.8,3.3,192,7.6,977.1,78
6/8/2022,22.1,26.2,1.3,187,8.7,977.5,78
6/9/2022,22.5,27,10,196,8.3,977.6,77
6/10/2022,22.9,26.9,6,200,7.4,977.8,80
6/11/2022,23,26.1,16.3,186,6.7,978.6,83
6/12/2022,23,26.7,4.9,187,6.8,979.4,81
6/13/2022,23,27.3,2.8,195,6.6,979.2,79
6/14/2022,22.9,27.7,9.8,193,5.5,978.7,76
6/15/2022,24,25.7,19.1,195,4,979.8,91
6/16/2022,23.7,25.3,19.5,187,3.2,980.9,92
6/17/2022,23.3,25.5,14.1,194,3.5,980.9,88
6/18/2022,23.8,25.4,7,197,4.2,980.6,92
6/19/2022,23.2,25.2,25,190,6.1,979.5,89
6/20/2022,23.2,26.3,13.5,195,6,977.5,84
6/21/2022,23.3,26.2,8.5,195,6.8,976.6,85
6/22/2022,23.2,26.7,9.9,197,6.2,978.7,82
6/23/2022,23.6,26.4,14,200,5.3,979.9,86
6/24/2022,23.8,26,4,195,3.6,979,89
6/25/2022,23,27.5,8.7,197,3.9,977.3,78
6/26/2022,23.7,26.9,21.2,172,3.9,978.8,84
6/27/2022,23.5,26.7,4.5,201,4.7,979.8,83
6/28/2022,23.1,27,2.4,191,5.7,978.6,80
6/29/2022,23.9,27.1,2.6,201,4.3,976.3,84
6/30/2022,24.4,25.9,34.6,191,4.1,975.3,92
7/1/2022,24.1,24.6,33.6,189,4.7,974.7,97
7/2/2022,23.9,25.1,38.4,194,4.5,974.3,94
7/3/2022,24,25.9,16.2,196,5.6,975.1,90
7/4/2022,23.8,26.5,12.7,199,5.5,975,86
7/5/2022,23.9,26.6,14.3,201,4.7,976,86
7/6/2022,24.5,26.4,26.4,196,3.1,978.2,90
7/7/2022,24,25.8,23.3,194,4.6,978.5,90
7/8/2022,22.8,27.2,2.8,193,5.3,977.1,78
7/9/2022,23.6,26,14.2,199,3.6,976,88
7/10/2022,23.9,25.7,29.3,197,4.3,976.6,91
7/11/2022,23.8,25.9,7.5,199,4,977.6,89
7/12/2022,23.4,26.9,1.9,193,4.8,976.3,82
7/13/2022,23.3,26.1,8.9,166,3.2,975.5,86
7/14/2022,23.8,25.2,12,169,3.2,975.3,92
7/15/2022,24.1,26.5,7,202,3.3,976.6,88
7/16/2022,24.2,27.7,3.5,205,4,977.4,83
7/17/2022,23.8,28,1.1,193,5.6,978.8,79
7/18/2022,23.8,28.4,11.8,196,6.4,978.1,78
7/19/2022,24.1,28,10.5,192,6.2,976.7,81
7/20/2022,25.1,26.8,16.3,198,2.9,977,91
7/21/2022,24.4,26.7,10.7,246,3.5,977.3,88
7/22/2022,24.1,25.4,43.4,219,4.1,979.1,93
7/23/2022,23.5,26.3,10.8,191,3.1,980.1,86
7/24/2022,23.7,26.4,5.2,189,2.8,979.9,86
7/25/2022,23.5,27.6,0.1,149,3.1,980.1,80
7/26/2022,23.6,28.5,0,144,3.2,980.2,77
7/27/2022,23.3,29.2,0,195,2.7,979.1,73
7/28/2022,24.1,29.1,0.3,175,2.9,979.1,76
7/29/2022,24.1,28.5,0.1,188,3.6,978.4,78
7/30/2022,23.6,28.7,2.3,186,4,977.6,76
7/31/2022,24,26.4,4,189,3.9,976.9,87
8/1/2022,23.6,27.3,15.6,192,4.1,976.3,81
8/2/2022,24.6,26.3,49.3,101,2.5,976.9,91
8/3/2022,23.6,26.7,4.1,195,3.5,978.6,85
8/4/2022,23.3,27.2,2.5,195,5.4,978.8,80
8/5/2022,23.3,26.6,12.2,196,6,977.6,83
8/6/2022,23.3,26.2,10.9,201,6.2,976,85
8/7/2022,23.6,26.3,8.3,195,4.9,975.7,86
8/8/2022,23.8,25,31.2,192,3.7,976.9,94
8/9/2022,23.5,24.4,61.1,197,4,977.6,95
8/10/2022,23.4,26,14.6,205,4.7,976.6,87
8/11/2022,23.6,26,11.7,198,4.3,976.1,88
8/12/2022,23.8,23.8,43.5,189,5.9,976,99
8/13/2022,23.2,25.3,8.8,203,5.4,978.7,89
8/14/2022,23.3,26.6,4.5,189,4,980.3,83
8/15/2022,23.9,26,29.6,184,3.7,979.7,89
8/16/2022,24,26,11.9,178,3.1,976.6,89
8/17/2022,23.5,26.1,16.9,124,4.6,975.6,87
8/18/2022,22.9,25.7,14.3,190,5,977.4,85
8/19/2022,23.2,27.1,1.8,197,5,978.3,80
8/20/2022,23.4,27.2,7.4,195,4.8,977.6,81
8/21/2022,24.3,25.1,23.7,200,3.6,975.7,95
8/22/2022,24,25.6,18.9,200,4.2,975.9,92
8/23/2022,23.3,27,3.7,203,4.2,978.9,82
8/24/2022,22.8,28.1,0.3,177,3.9,978.6,75
8/25/2022,23.9,26.7,2.2,192,3.9,976,85
8/26/2022,23.5,25.6,4.1,195,5.6,975.7,89
8/27/2022,23.4,24.9,10.2,204,4,979,92
8/28/2022,23.8,26.6,0.7,154,2.8,979.9,87
8/29/2022,24.1,27,8.9,122,2.8,980.9,86
8/30/2022,23.9,27.6,0,195,2.6,980.9,83
8/31/2022,24.2,27.4,13.6,174,3,980.1,84
9/1/2022,24.5,26.4,8.5,31,2.6,980.7,90
9/2/2022,23.9,27.3,1.1,178,2.8,980.1,83
9/3/2022,23.7,28.1,2.5,169,3.6,978.7,78
9/4/2022,24,27.5,4.2,183,4.1,979.1,82
9/5/2022,24.7,26.1,15.2,10,2.1,979.8,92
9/6/2022,24.3,27.2,3.9,32,3.4,979.6,85
9/7/2022,23.5,27.8,1.4,112,4.1,980.4,80
9/8/2022,23.5,26.9,8.4,152,3.5,981,84
9/9/2022,24,25.4,17.9,247,2.9,981.6,92
9/10/2022,23.9,24.3,25.3,219,2.7,981.7,98
9/11/2022,23.8,24.2,56.6,196,2.2,981.2,98
9/12/2022,23.1,24.8,10.3,197,3.7,980.9,91
9/13/2022,23.3,25.5,14.7,196,3.5,981.2,88
9/14/2022,23.6,25.1,23.5,214,2.9,981.4,92
9/15/2022,24,25.8,16.3,208,3.9,979.9,91
9/16/2022,23.7,26,13.7,190,5.5,977.5,88
9/17/2022,23.7,25.9,20.3,201,3.9,977.9,88
9/18/2022,24.1,25.1,24.6,24,2.8,979,94
9/19/2022,23.6,25.7,10.5,201,4,980.5,89
9/20/2022,23.5,25.8,9.9,178,3.7,980.5,88
9/21/2022,23.8,25.9,4.3,173,3.1,979.9,89
9/22/2022,23.5,25.4,3.4,166,2.8,979.6,90
9/23/2022,23.5,25.2,7.7,141,2.5,979.8,91
9/24/2022,23.4,25,5.4,221,2.9,979.6,91
9/25/2022,23.5,25.6,7.6,244,2.9,979.5,89
9/26/2022,23.5,25.5,11.9,1,3.7,979.8,90
9/27/2022,23.2,26.4,0.8,221,3.9,978.8,84
9/28/2022,23,26.6,0,164,3,977.1,82
9/29/2022,24.1,26.6,9.1,218,3.1,975.8,87
9/30/2022,24.6,26.2,24,255,3.1,976.2,92
10/1/2022,24.3,24.4,44.1,213,2.7,977.1,99
10/2/2022,24,24.9,22.5,236,3.2,979.1,95
10/3/2022,24,24.9,17.1,4,2.2,980.8,95
10/4/2022,23.4,25.8,1.4,31,4.3,982.2,87
10/5/2022,23,25.3,1.2,42,3,983.2,88
10/6/2022,23.5,25.4,0.6,32,2.6,983.2,90
10/7/2022,23.8,26.4,4.1,202,3.2,982.6,87
10/8/2022,23.8,25.8,2.5,108,3,983.6,90
10/9/2022,23.8,26.1,1,69,2.2,984.2,88
10/10/2022,23.5,25.2,5.9,25,3,985.1,91
10/11/2022,23,25.4,1.1,127,2.4,984.5,87
10/12/2022,22.9,25.8,0.1,152,2.1,983.7,86
10/13/2022,23.2,26.1,0.4,89,2.5,982.8,86
10/14/2022,23.4,25.4,8.9,27,3.1,981.8,90
10/15/2022,21.3,26.1,0,45,3.5,980.7,78
10/16/2022,19.6,23.7,0.4,8,3.3,983.3,79
10/17/2022,20.3,24.8,0,33,3.7,983.5,78
10/18/2022,19,24.2,0,68,3.8,982.7,76
10/19/2022,17.9,23.8,0,48,3.4,982.5,73
10/20/2022,17.5,23.9,0,34,2.7,983,71
10/21/2022,19.8,25.1,0,60,3.9,984.4,75
10/22/2022,20.8,25.5,1,57,4.2,984.9,78
10/23/2022,21.3,25.9,0.8,54,5,984.3,78
10/24/2022,21.3,26.5,0.7,106,3,982.5,77
10/25/2022,22.9,26,10.5,52,3,983.6,85
10/26/2022,23.2,26,0,71,2.8,983.5,86
10/27/2022,23.2,26.2,0.3,125,2,982.8,85
10/28/2022,23.6,25.8,2.7,43,2.5,982.4,89
10/29/2022,22.5,26.6,0.7,113,3.1,982.9,81
10/30/2022,20.8,26.4,0,80,2.4,982.5,75
10/31/2022,19,25.8,0,50,2.5,982.9,70
11/1/2022,19,25.8,0,18,3.2,983.2,70
11/2/2022,19.2,25.7,0,345,2.3,982,72
11/3/2022,19.7,25.7,0,75,2.4,982,72
11/4/2022,19.5,25.7,0,214,2.6,984.3,72
11/5/2022,18.7,24.8,0.5,62,2.6,986.2,73
11/6/2022,17.6,24.3,0,329,2.5,985.9,71
11/7/2022,16.9,23.9,0,305,2.5,985.2,70
11/8/2022,16.9,23.8,0,297,2.7,985,70
11/9/2022,17.3,23.8,0,354,2.8,984.8,71
11/10/2022,17.4,23.7,0,320,2.2,985,72
11/11/2022,17.7,23.3,0,322,1.7,984.7,76
11/12/2022,17.7,23.7,0,352,1.6,983.9,74
11/13/2022,17.6,24.1,0,328,2.4,983.2,71
11/14/2022,18.4,24.5,0,311,2.8,983.5,73
11/15/2022,21.4,25.9,10.3,146,2.7,983.1,79
11/16/2022,22.3,25.3,0.3,341,1.9,982.2,86
11/17/2022,22,25.4,3.8,302,2.4,981.6,84
11/18/2022,22.3,25.1,0.9,14,2.2,982.8,86
11/19/2022,22.6,25.5,7.4,30,2.7,983.1,86
11/20/2022,22.3,25.4,0.1,68,2.1,982.1,86
11/21/2022,22,26.3,0,296,2.2,980.8,80
11/22/2022,20.5,26.6,0,340,3,980.6,73
11/23/2022,18,24.8,0,336,2.4,981.1,71
11/24/2022,19.4,24,0.6,41,2.4,981.7,78
11/25/2022,22.1,25.2,2.5,62,2.9,982.7,85
11/26/2022,22.7,25.2,3.3,100,2,982.5,87
11/27/2022,22.4,26,6,216,3,981.1,83
11/28/2022,22.6,25.3,14.4,180,2.6,982.2,86
11/29/2022,22.5,25.7,2.9,13,2.3,983,84
11/30/2022,23,25.7,0.4,24,2.1,983.6,87
12/1/2022,23,25.5,4.1,94,2,983.4,88
12/2/2022,21.3,25.1,6.8,255,2.8,983.3,82
12/3/2022,21.1,25.5,1.7,275,2.2,983.1,79
12/4/2022,19.8,25.6,0,77,1.6,983.2,75
12/5/2022,19.6,25.3,0,64,2.1,983.9,75
12/6/2022,19.6,25.6,0,301,2,982.8,73
12/7/2022,20.4,25.3,1.2,242,2.7,982.6,77
12/8/2022,20.5,25.9,0.8,358,3.1,983.2,74
12/9/2022,19.9,25.8,0.1,253,2.7,982.6,73
12/10/2022,17.9,26.1,0,309,3.1,982.4,64
12/11/2022,16.2,25.3,0,258,2.7,982.6,60
12/12/2022,16.4,24.7,0,294,2.3,982.5,62
12/13/2022,18.2,24.2,0,156,2.8,983.1,72
12/14/2022,19,23.6,0.7,337,3.1,984.6,76
12/15/2022,17.3,23.5,0,269,2.7,982.8,72
12/16/2022,16.6,23.2,0,327,3.1,982.1,70
12/17/2022,16,23.7,0,55,5.2,984.2,66
12/18/2022,14.3,23.4,0,24,8.7,985.8,57
12/19/2022,14.1,21.2,0,23,4.8,984.6,66
12/20/2022,16.6,22.4,0,44,2.1,982.6,72
12/21/2022,18.1,23,0,121,1.8,982.4,77
12/22/2022,18.1,23.7,0,210,2.8,982.1,74
12/23/2022,18.1,23.6,0,24,2.2,982.2,74
12/24/2022,17.3,23,0,145,3.5,983.3,73
12/25/2022,17.7,23,0.5,118,3.2,985.2,75
12/26/2022,16.9,22.3,0,74,2.1,986.7,75
12/27/2022,15.9,22.2,0,192,3.2,986.2,71
12/28/2022,15.6,22,0.2,356,3.2,986.5,69
12/29/2022,16.8,21.6,0.5,146,3.3,987.4,76
12/30/2022,16.4,22.2,0.1,190,3.7,987.9,72
12/31/2022,15.7,21.9,0,157,3.6,987.4,71
1/1/2023,15.5,22,0,99,3.3,987.5,69
1/2/2023,14.1,20.5,0,349,3.6,988.3,71
1/3/2023,13.7,20.5,0,4,3.4,988,68
1/4/2023,15.3,21.3,0,35,3.1,987.7,72
1/5/2023,16.7,22,0,21,3.6,987.2,75
1/6/2023,14.9,21.6,0,43,4.6,987.9,70
1/7/2023,11.7,20.4,0,33,4.8,987.1,61
1/8/2023,12.8,19.9,0,27,2.6,986,68
1/9/2023,13.4,20.7,0,153,2.1,986.4,68
1/10/2023,15.5,21.7,0,155,2.1,984.9,72
1/11/2023,14.1,22.8,0,268,2.6,983.1,61
1/12/2023,13.9,22.2,0,292,2.5,982.5,62
1/13/2023,13.3,21.6,0,257,3.3,983.5,61
1/14/2023,13.2,20.9,0,105,2.7,982.4,64
1/15/2023,12.8,20.5,0,30,3,982.4,65
1/16/2023,14,20.3,0,267,1.6,983.4,71
1/17/2023,13.9,20.5,0,306,2.9,984.6,70
1/18/2023,14.7,21.3,0,289,3.5,986.2,69
1/19/2023,14.6,21.6,0,351,3.3,985.9,67
1/20/2023,15,21.2,0,358,2.3,985.5,72
1/21/2023,15.1,21.7,0,348,2.3,984.4,71
1/22/2023,13.5,22.2,0,4,2.5,983.6,61
1/23/2023,12.8,21.6,0,355,2.5,983,61
1/24/2023,14,21.6,0,58,3.7,984.2,68
1/25/2023,14.5,21.4,0,57,2.5,984.1,69
1/26/2023,15.4,21.8,0,0,2,983.3,71
1/27/2023,15.9,22.7,0,321,3.3,983.2,69
1/28/2023,16.1,22.8,0,19,4.3,983.5,70
1/29/2023,15.1,21.9,0,62,5.2,985.1,68
1/30/2023,13.1,20.9,0,23,4.9,986.1,65
1/31/2023,15.3,21.1,0,45,1.8,983.1,73
2/1/2023,17,23.9,0,358,2.2,981.9,68
2/2/2023,17.6,24.3,0,338,3.1,982.2,70
2/3/2023,16.5,25,0,327,2.7,982.3,63
2/4/2023,17,25.8,0,252,4.2,981.2,61
2/5/2023,18.2,25.7,0.1,213,4.3,981,65
2/6/2023,14.4,25.1,0,259,5,981.3,58
2/7/2023,10.4,23.7,0,272,4.9,981.4,46
2/8/2023,10.3,22.5,0,3,3.6,982.1,49
2/9/2023,11.3,22.3,0,343,3.7,982.4,53
2/10/2023,10.8,23,0,343,3.2,982.7,49
2/11/2023,10.6,22.7,0,2,3.4,982.4,49
2/12/2023,11.5,23.4,0,7,3.5,982.6,50
2/13/2023,12.8,23.1,0,341,3.6,982.4,55
2/14/2023,13.8,23.1,0,329,3.5,982.3,61
2/15/2023,11.6,23.6,0,242,4.2,982.4,54
2/16/2023,16.8,22.7,3.8,67,3.8,985.3,71
2/17/2023,18.4,20.4,6.2,328,2.6,987.4,89
2/18/2023,16.8,21.9,0,346,2.8,985.6,77
2/19/2023,15.7,23.7,0,346,3.5,984.3,65
2/20/2023,15.5,23.7,0,189,3.7,983.5,64
2/21/2023,15.6,24.9,0,231,3.8,984.2,60
2/22/2023,15.4,24.6,0,224,4.3,984.2,61
2/23/2023,15.4,25.1,0,275,3.2,983.8,60
2/24/2023,11.9,25,0,22,2.9,983.9,49
2/25/2023,14.9,24.3,0,187,3.7,986.2,60
2/26/2023,15.9,26,0,33,4.7,988.8,57
2/27/2023,15,24.9,0,2,4.7,988.7,58
2/28/2023,13.1,24.4,0,28,3.1,987.8,55
3/1/2023,13.4,24.6,0,9,2.4,987,55
3/2/2023,14.8,25.6,0,337,2,986.3,57
3/3/2023,14.9,25.6,0,308,3,986.7,56
3/4/2023,14.2,25.1,0,341,3.3,987.2,55
3/5/2023,14.6,24.5,0,8,3.2,986.9,57
3/6/2023,15.5,24.3,0,21,2.8,985.6,62
3/7/2023,16.5,25.4,0,34,3,985.1,61
3/8/2023,14.9,26.6,0,11,2.8,985,52
3/9/2023,15.4,26.9,0,3,2.6,983.6,52
3/10/2023,16.1,26.6,0,59,3.6,982.9,56
3/11/2023,16.5,27.2,0,13,3.5,982.9,55
3/12/2023,17.9,27,0,1,3.2,983.2,59
3/13/2023,19.8,23.6,11.9,349,3.9,985,80
3/14/2023,19.3,24.3,0,271,2.8,983.1,77
3/15/2023,18.1,25.7,0,259,3.9,982.2,66
3/16/2023,19.2,25.5,0.6,348,3.2,983.7,71
3/17/2023,18.1,25.5,0,333,3,983.3,69
3/18/2023,18.1,26.4,0,313,3,982,65
3/19/2023,19.4,26.6,0.3,326,3.3,981.1,68
3/20/2023,19.4,25.9,1.6,280,3.5,981.5,71
3/21/2023,17.9,26.7,0,260,3.8,980.4,64
3/22/2023,15,27.7,0,263,5.7,978.9,51
3/23/2023,13.9,28,0,226,5.8,978.8,46
3/24/2023,14.6,28.2,0,230,3.3,979.7,47
3/25/2023,15.7,27.8,0,290,4,980.4,51
3/26/2023,15.8,28.7,0,269,3.4,979.6,50
3/27/2023,15.8,28.8,0,225,3.4,979.7,49
3/28/2023,15,29,0,229,4.7,980.3,48
3/29/2023,11.9,29.3,0,268,4.8,981.4,38
3/30/2023,12.6,29,0,253,4.1,979.8,40
3/31/2023,14.5,29.4,0,267,3.4,979.8,44
4/1/2023,15.6,29.3,0,244,4.6,979.3,47
4/2/2023,15.8,29.5,0,236,6.2,978.9,48
4/3/2023,14.4,28.9,0,241,6.4,978.7,44
4/4/2023,14.3,29.2,0,229,4.7,978.8,44
4/5/2023,14.5,28.8,0,128,3.3,979.1,45
4/6/2023,14.8,29.7,0,57,2.7,980,43
4/7/2023,17.7,30.1,0,211,3.5,980.9,51
4/8/2023,18.1,30.7,0,199,3.6,982.5,50
4/9/2023,16.7,31.1,0,233,3.8,982.4,45
4/10/2023,16,31.1,0,247,3.7,981.1,45
4/11/2023,16.7,31.2,0,253,3.8,980.4,46
4/12/2023,15.6,31.4,0,263,3.4,979.5,42
4/13/2023,16.7,31.7,0,234,4.2,979.2,44
4/14/2023,16.5,31.9,0,192,3.2,979.1,43
4/15/2023,16.3,32.4,0,175,3.4,978.9,42
4/16/2023,19.5,32.1,0,207,5.2,978.4,51
4/17/2023,17.5,32,0.1,211,5.6,979.4,47
4/18/2023,18,32.6,0,223,4.4,979.7,47
4/19/2023,19.8,32,0.3,228,5.6,977.6,51
4/20/2023,19.8,30.9,0,210,6,976.1,54
4/21/2023,18.5,31.7,0,204,5.2,976.4,50
4/22/2023,17.7,31,0,202,4.4,977.3,49
4/23/2023,17.1,31,0,224,3.1,978.8,48
4/24/2023,18.6,30,1.2,198,4.4,981.9,52
4/25/2023,15.5,32,0,241,3.3,980.1,40
4/26/2023,17.7,31.1,0.3,210,4.2,979.5,47
4/27/2023,20.2,30.1,0,184,5.2,980.5,58
4/28/2023,17.3,32.4,0,212,4.6,979.9,47
4/29/2023,16.5,32.6,0,197,4.8,978.8,42
4/30/2023,17.3,31.9,0.4,187,4.8,978.6,44
5/1/2023,20.4,28.7,2.3,197,3.7,980.5,63
5/2/2023,21.9,29.8,0.4,174,3.1,981.1,65
5/3/2023,21.9,29.7,0.6,218,3.5,982.1,66
5/4/2023,22.2,30.2,0.1,250,3.8,979.9,66
5/5/2023,22.1,31.5,0,264,4.3,976.7,62
5/6/2023,20.7,33,0,217,5.5,975.5,52
5/7/2023,21.7,32.8,0.1,215,5.1,975.6,54
5/8/2023,23.4,31.3,17.5,220,4.8,976.7,65
5/9/2023,22.3,30.7,2.7,202,4,978.7,66
5/10/2023,22.9,29.8,0.6,198,3.8,979.6,68
5/11/2023,23.3,28.5,8.2,256,3.6,981.3,76
5/12/2023,24.1,27.2,11.3,212,3.3,981.3,85
5/13/2023,24.4,25.9,22.1,316,3.3,980.6,93
5/14/2023,23,26.4,38.6,218,6.3,978.7,83
5/15/2023,22.9,25.5,16.2,208,7.1,979.7,86
5/16/2023,22.2,27.6,1.1,200,6.3,981.3,74
5/17/2023,21.6,28.3,1,208,4.3,982,70
5/18/2023,21.5,29,0.6,216,5.4,981.6,66
5/19/2023,20.8,29.6,0,225,5.3,979.3,62
5/20/2023,20.7,30.5,0,217,4.4,978.9,60
5/21/2023,21.2,31.1,0.3,215,4.4,979.7,59
5/22/2023,22.2,30.8,1,190,5.1,980.4,62
5/23/2023,22.9,30.3,1.2,199,6,980.2,67
5/24/2023,21.3,30.8,0.2,206,6.5,979.2,61
5/25/2023,20.9,30.3,1.1,218,7.6,979.5,60
5/26/2023,22.5,28.7,6,187,4.1,980.2,72
5/27/2023,23.3,29.2,1.6,220,4.6,978.8,72
5/28/2023,22.9,29.4,0.4,223,3.3,978.1,71
5/29/2023,23.7,28.5,2.2,170,3.3,979.2,76
5/30/2023,23.7,28.9,0.6,190,3.2,979,76
5/31/2023,24.1,28.9,1.5,198,4,977.8,77
6/1/2023,23.8,29,1.1,197,6.4,977.2,75
6/2/2023,23.6,28.3,2.4,199,6.4,977.8,77
6/3/2023,23.2,28.7,2,205,5.1,978.7,74
6/4/2023,23.7,27.6,12.6,208,4.7,978.7,80
6/5/2023,24.5,27.8,10.3,194,4,977.4,84
6/6/2023,24,26.8,16.3,152,3.8,976.7,86
6/7/2023,24.1,27.1,18.9,181,3.8,976.9,86
6/8/2023,24.5,26.1,28.4,205,3.9,977.3,91
6/9/2023,23.4,27.3,9.3,202,5.7,976.6,81
6/10/2023,23.1,27.8,10.4,199,6.1,976,78
6/11/2023,23.6,27.3,3.8,188,5.6,975.5,81
6/12/2023,23.6,26.2,17,193,6,975.7,86
6/13/2023,23.5,25.9,27.8,193,7.4,976,87
6/14/2023,23.5,25.2,19.7,200,6,977.7,91
6/15/2023,23.1,26.3,3.6,192,6.1,978.3,84
6/16/2023,23.2,28.2,1.2,188,5.7,977.8,76
6/17/2023,23.6,29.1,0.5,197,6.8,978.2,74
6/18/2023,24,27.4,8.1,200,6.4,978.7,83
6/19/2023,23.8,27.2,4.2,194,5.9,978.5,83
6/20/2023,22.9,26.5,4.8,194,7.6,978.8,81
6/21/2023,23.1,26.2,17.2,192,5.8,980,84
6/22/2023,23.1,26.1,13.4,193,5.6,980.3,84
6/23/2023,23.4,27.1,8.9,204,6.2,979.5,81
6/24/2023,24,25.7,13,196,6.1,978.6,91
6/25/2023,24.2,25.4,44.5,205,4.2,978.6,93
6/26/2023,24.4,25.9,34.3,196,3.8,978.9,92
6/27/2023,23.4,27.7,1.5,208,5.2,978.9,79
6/28/2023,24.4,27.8,6.5,212,3.9,979.9,83
6/29/2023,24.7,27.7,8.1,205,3.3,978.9,85
6/30/2023,24.8,27.8,15.2,200,4.2,977.7,85
7/1/2023,24.9,28.3,17.3,202,4.8,977.6,83
7/2/2023,25,27.3,15.9,189,3.5,978.1,88
7/3/2023,24,26.7,4.1,197,5.8,978.8,86
7/4/2023,23.3,26.5,5.9,193,6.6,978.7,83
7/5/2023,23.2,26.2,8,195,6.8,979.5,84
7/6/2023,23.1,27.7,2.3,210,5.4,980.5,78
7/7/2023,23.7,28.5,1.5,196,4.5,980.4,77
7/8/2023,23.8,28.2,7.4,212,4,980,79
7/9/2023,24.4,27.5,1.7,176,2.7,979.2,84
7/10/2023,24.5,26.4,20.9,240,3.5,979.6,90
7/11/2023,24.2,26.2,15.3,226,3.1,980,89
7/12/2023,23.9,25.8,20,213,3.4,980.6,90
7/13/2023,23.8,26.1,17,199,4.4,980.5,88
7/14/2023,23.7,26.8,9.9,204,5.5,979.9,84
7/15/2023,23.3,26.6,8.1,203,4.9,978.7,83
7/16/2023,23.7,26.9,2.2,197,4.5,977.1,84
7/17/2023,24.1,27.3,7.3,202,3.9,975.4,83
7/18/2023,24.3,27.9,12.6,194,4.7,975,82
7/19/2023,24.2,27.5,9.1,208,4.9,975.2,84
7/20/2023,24.6,26.2,22.9,208,3.6,976.6,91
7/21/2023,24.8,27.7,6.1,216,2.8,979.1,86
7/22/2023,24.7,28,5,207,3.1,980.3,84
7/23/2023,24.2,28.3,5.8,189,3.8,979.9,82
7/24/2023,24,27.1,1.8,156,3.6,978.8,85
7/25/2023,23.8,27.6,2.7,192,4.7,979.3,81
7/26/2023,24.1,27,9.1,197,4.3,980,85
7/27/2023,23.4,27.9,1.8,207,7,978.7,79
7/28/2023,24.1,27.1,7.4,193,6,976.2,84
7/29/2023,24.4,27,24.6,204,5.9,975.4,86
7/30/2023,24.4,26.5,9.8,195,6.2,974.6,89
7/31/2023,24.4,25,22.7,190,5.1,975.3,97
8/1/2023,24,26,21.2,192,7.2,976.5,89
8/2/2023,24.5,25.6,31.3,206,4.8,977.5,94
8/3/2023,24.2,26.1,17.1,198,5.8,977.6,90
8/4/2023,23.9,25.6,30.4,188,6.5,979.7,91
8/5/2023,23.9,25.5,12.3,189,6.2,980.5,92
8/6/2023,23.6,25.6,9.5,199,6.5,978.7,90
8/7/2023,23.9,24,20.1,187,5.9,977.4,99
8/8/2023,23.5,23.8,18.9,189,6,977.8,98
8/9/2023,23.4,24.7,10.7,190,5.7,979.8,93
8/10/2023,23.2,26.5,3.2,198,6.6,979.9,83
8/11/2023,23.1,27.2,1.4,201,6.4,978.7,79
8/12/2023,23,27.1,2.3,195,7,977.6,79
8/13/2023,23.6,27.3,10.7,198,5.7,977.6,81
8/14/2023,23.9,27.3,18.2,200,5.4,977.8,82
8/15/2023,24.4,26.5,8.5,204,5,978,89
8/16/2023,24.3,26.5,17.1,206,4.7,978.2,88
8/17/2023,23.5,26.9,5.3,195,4.3,979,82
8/18/2023,23.5,27.6,1.5,198,5.3,979.3,79
8/19/2023,23.5,28.1,1.4,203,4.2,979.2,77
8/20/2023,24.1,27.9,0.3,191,3.8,978.1,81
8/21/2023,24.7,26.9,17.3,239,3.3,978,88
8/22/2023,24.2,26.9,10.7,195,4.2,978.7,87
8/23/2023,24.2,25.9,22.4,191,4.5,978.6,91
8/24/2023,24,26.3,25.8,199,5.1,978,88
8/25/2023,24,26.2,29.2,203,5.4,978.6,89
8/26/2023,23.9,26.3,17.6,197,6.6,978.9,88
8/27/2023,23.3,26.6,5.1,197,6.5,977.9,83
8/28/2023,23.6,27.2,3.4,195,6.1,976.7,81
8/29/2023,24,27.5,2.9,181,4.2,976.3,82
8/30/2023,24.4,27.3,9.9,131,3.2,977.9,85
8/31/2023,24.6,27.1,19.7,194,2.7,978.8,88
9/1/2023,24.9,27.3,30.2,197,3,978.4,88
9/2/2023,24.7,26.6,10.4,21,2.2,977.3,90
9/3/2023,24.7,27.1,9.3,169,3.3,976.1,88
9/4/2023,24.8,27.5,1.6,87,3.7,975.4,87
9/5/2023,24.8,26.5,31,245,3.1,976.6,91
9/6/2023,24.6,25.3,30.6,179,2.7,979.6,96
9/7/2023,24.6,26.6,24.7,213,3.3,980.4,90
9/8/2023,24.9,26.9,24.3,205,2.3,979.8,90
9/9/2023,24.6,26.5,22.8,193,2.3,977.6,91
9/10/2023,24.5,26.5,8.9,199,2.4,976.7,89
9/11/2023,24.2,26,29.5,199,4.4,977.1,90
9/12/2023,23.7,25.9,18.3,196,5.7,978.4,88
9/13/2023,23.8,25.3,27.9,198,4.6,979.6,92
9/14/2023,24.1,25.8,15,214,3,979.8,91
9/15/2023,24.4,26.4,11.6,303,2.6,979,90
9/16/2023,24.5,26.2,12.2,85,3.3,978.2,92
9/17/2023,24.4,25.2,9.9,123,3.3,977.9,95
9/18/2023,24,25.1,43.8,235,2.8,979.9,94
9/19/2023,24.2,25.2,23.1,205,2.6,982.4,95
9/20/2023,24.3,26.4,10.9,187,1.9,982.4,89
9/21/2023,24.3,26.8,0.7,133,2.5,982,87
9/22/2023,24.3,27.2,0.1,186,2.8,981.2,86
9/23/2023,24.4,27.5,3.5,140,3.3,980.9,85
9/24/2023,24.6,27.3,0.1,140,2.6,979.8,87
9/25/2023,24.3,26.7,8.2,90,2.9,979.3,88
9/26/2023,24.5,27.1,0.4,167,3.2,978.4,87
9/27/2023,24.1,26.6,5.1,57,2.4,977,87
9/28/2023,24.9,25.8,30.3,20,3,977.5,95
9/29/2023,24.3,25.2,32.7,317,2.8,980,95
9/30/2023,23.9,24.5,23.7,269,3.3,981.5,97
10/1/2023,24,25.1,25.3,210,3.2,980.8,94
10/2/2023,24,26.3,2.2,204,3.1,981.7,87
10/3/2023,24.2,27.2,3.1,201,3.2,982,85
10/4/2023,24.9,27.2,17.3,171,3.1,981.7,88
10/5/2023,25.1,27.2,10.8,117,2.5,980.3,90
10/6/2023,24.6,26.5,15.2,187,2.8,979.7,90
10/7/2023,24.5,25.2,8,173,2.2,980.4,96
10/8/2023,24.3,25.4,13.1,190,2.3,981.7,94
10/9/2023,24.2,25,22.5,351,2.2,982.5,95
10/10/2023,24.1,25.4,15.5,295,2.5,982.8,93
10/11/2023,23.8,25.5,7.4,8,2.5,983.8,91
10/12/2023,23.9,25.4,0.7,51,2.7,985.2,92
10/13/2023,24,25.3,14.9,180,2,985,93
10/14/2023,23.6,25.3,39.7,294,1.9,983.1,91
10/15/2023,23.9,25.8,11,61,2.5,981.6,90
10/16/2023,24,25.6,2.6,46,2.5,982.8,91
10/17/2023,24.2,26,1.1,69,2.6,983.6,91
10/18/2023,24,26.5,1.2,197,2.1,983.9,87
10/19/2023,24.3,26,9.1,212,2.3,983.8,91
10/20/2023,24.5,26.6,2.1,3,2.1,984,89
10/21/2023,24.1,25.9,2.5,340,2.7,985.1,91
10/22/2023,23.6,25.9,1.6,9,2.6,985.8,89
10/23/2023,23.1,25,1.2,93,2.8,985.3,90
10/24/2023,23,25.9,1.2,180,2.6,984.8,85
10/25/2023,23.9,25.9,0.8,235,1.9,984.4,90
10/26/2023,24.2,26.6,0.4,86,2.7,983.8,88
10/27/2023,23.8,25.9,6,60,2,983.3,89
10/28/2023,23.6,25.3,3.9,113,2.3,983.5,91
10/29/2023,23.6,25.7,0.3,120,2.6,983.7,89
10/30/2023,23.5,25.5,6.7,34,2.4,984.5,90
10/31/2023,22.7,25.7,0.7,37,3.3,985.8,85
11/1/2023,22.6,26.1,0,42,3,985.9,83
11/2/2023,23,26.1,7,2,2,984.6,85
11/3/2023,23.4,26.1,0.3,225,2.1,982.5,87
11/4/2023,23.7,26.1,2.8,255,2.5,982.7,88
11/5/2023,23.2,26.4,0.2,6,1.9,983.8,85
11/6/2023,22.9,26.8,0.1,337,2.5,984.3,82
11/7/2023,23.2,26.7,9.9,263,2.2,984.1,84
11/8/2023,23.2,26.7,0.4,204,2.2,983.2,83
11/9/2023,22.8,27.4,0.1,171,2.9,983.3,79
11/10/2023,22.4,27.5,0,91,2.3,984.6,76
11/11/2023,22,27.8,0,173,1.7,985,75
11/12/2023,21.9,27.6,0,109,2.7,985.3,75
11/13/2023,22.3,27.4,0.3,30,3.5,985.7,76
11/14/2023,22.1,26.5,10.5,51,2.5,986.5,80
11/15/2023,22.3,26.4,2,126,2.7,986.9,81
11/16/2023,21,27.2,0,65,4.1,987.3,73
11/17/2023,18.9,26.2,0.3,52,7.1,988.3,66
11/18/2023,16.7,24.4,0,26,4.5,987.7,64
11/19/2023,17.6,25.7,0,21,4.3,986.8,64
11/20/2023,17.5,25.1,0,16,3.5,986.1,66
11/21/2023,18.3,25.2,0,11,2.4,984.3,70
11/22/2023,19.1,25.8,0,99,1.8,982.9,71
11/23/2023,20.3,25.3,0.6,1,2.9,983.3,78
11/24/2023,18.6,25.2,0,52,2.6,984.7,73
11/25/2023,17.8,24.9,0,24,3.2,985.6,69
11/26/2023,17.3,24.6,0,51,3.5,986.4,69
11/27/2023,16.5,23.9,0,18,3.5,986.1,68
11/28/2023,15.5,23.3,0,25,3.1,984.7,67
11/29/2023,15.9,23.7,0,357,3.3,985,66
11/30/2023,18.1,24.1,0,329,3.1,985.7,72
12/1/2023,19.1,25.4,0.1,50,3.7,985.2,72
12/2/2023,20.5,25.4,3.2,49,2.7,985.3,78
12/3/2023,21.6,25.4,0.9,18,2.8,985.7,82
12/4/2023,21.2,25.7,0,17,1.9,984.5,79
12/5/2023,21,25.9,0.6,204,1.8,983.6,77
12/6/2023,20.8,26.7,0.1,341,2.6,984.6,73
12/7/2023,21.6,26,2.5,149,3.3,984.3,79
12/8/2023,23,25.1,6.1,210,3.3,984.1,89
12/9/2023,22.8,25.3,1.5,203,2.3,983.3,88
12/10/2023,21.9,25.9,0.5,193,2.9,981.8,81
12/11/2023,21.9,26.1,0.1,300,2.5,982.9,80
12/12/2023,21.8,25.8,0.5,225,3,982.9,82
12/13/2023,20.9,26,0,209,3,984.2,76
12/14/2023,19.6,25.4,0,117,2.6,985.1,73
12/15/2023,18.8,25.5,0,68,2.2,984.9,69
12/16/2023,16.5,24.8,0,309,2.7,984.6,64
12/17/2023,16.4,23.4,0,196,2.4,985.5,70
12/18/2023,17.1,24,0,327,2.3,985.9,70
12/19/2023,16.7,24,0,30,2.3,986.1,67
12/20/2023,16.3,23.5,0,6,2,985.6,69
12/21/2023,16.8,23.5,0,36,1.9,985.7,70
12/22/2023,17.4,23.3,0.4,56,3.9,987.5,72
12/23/2023,14.6,21.7,0,47,4.6,990.2,68
12/24/2023,12.9,20.4,0,46,4.3,990.7,66
12/25/2023,14.5,20.8,0,41,3,989.2,70
12/26/2023,14.5,21.6,0,30,2.6,988.7,68
12/27/2023,14.8,21.8,0,24,2.2,989,69
12/28/2023,15.8,22.2,0,109,2.6,987.7,70
12/29/2023,15.8,22.5,0,122,2.1,986.8,70
12/30/2023,15.2,22.8,0,143,2.2,985.6,66
12/31/2023,15.1,23,0,272,2.6,985.4,64
1/1/2024,14.7,22.1,0,208,2.4,985,65
1/2/2024,15.1,22.1,0,357,2.6,984.9,67
1/3/2024,14.6,21.6,0,296,2.6,984.9,67
1/4/2024,15.1,22.2,0,217,2.8,984.9,67
1/5/2024,15.6,22.8,0,13,2.6,985.2,66
1/6/2024,17,23,0.2,157,2.3,985.4,71
1/7/2024,17.7,23.8,0,329,2.4,985.4,71
1/8/2024,16.3,23.7,0,355,2.6,985,66
1/9/2024,15.7,23.5,0,359,2.3,983.9,64
1/10/2024,15.2,22.5,0,3,2.8,983.1,66
1/11/2024,15.2,22.2,0,339,2.6,983.6,67
1/12/2024,15.5,22.2,0,356,2.7,983.1,68
1/13/2024,14.7,21.9,0,340,2.5,983.6,67
1/14/2024,15.1,22.3,0,328,2.4,984.7,66
1/15/2024,18.1,22.9,0.4,168,3.7,984.9,77
1/16/2024,18.1,22.9,1,146,3.5,984.3,77
1/17/2024,17.7,22.7,0.9,194,3.7,984.4,75
1/18/2024,15.5,22.7,0,328,3.1,984.4,68
1/19/2024,12.3,21.5,0,31,2.9,984.2,59
1/20/2024,13,21.9,0,324,2.7,984.2,59
1/21/2024,14,21.6,0,283,2.5,984.8,64
1/22/2024,14.2,21.3,0,13,2.2,985.6,67
1/23/2024,14.2,22.2,0,214,4,985.8,63
1/24/2024,14.6,22.5,0,267,3.5,986.3,63
1/25/2024,16.9,21.8,0.3,154,4,987.9,76
1/26/2024,18.7,21.3,3.1,286,3.1,989,87
1/27/2024,17.9,22.4,0.1,194,3.4,988,79
1/28/2024,18.6,22.2,4.3,189,5.2,987.4,82
1/29/2024,18.9,22.9,13.5,221,3.9,987.1,81
1/30/2024,17.9,23.1,1.3,192,4.1,986.2,75
1/31/2024,16.4,23.8,0,191,3.7,986.6,68
2/1/2024,13.5,22.8,0,145,3.6,986.6,60
2/2/2024,12.6,22.5,0,137,3.7,985.6,58
2/3/2024,11.8,22.6,0,207,3.8,985.5,54
2/4/2024,11.8,22.8,0,136,3.5,986.1,53
2/5/2024,11.7,22.5,0,70,3,986,54
2/6/2024,13.3,23.2,0,47,3.1,986.1,56
2/7/2024,14.2,23.3,0,79,3.3,985,60
2/8/2024,15.8,24,0,44,3,983.1,64
2/9/2024,16.7,24,0,323,2.8,984,67
2/10/2024,15.9,24.3,0,324,3,986.2,63
2/11/2024,17,24.1,0.1,95,3.9,988.6,68
2/12/2024,16.8,24.6,0,76,3.2,988.5,67
2/13/2024,14.6,25,0,18,3.2,987,57
2/14/2024,13.6,24.6,0,39,2.9,985.9,54
2/15/2024,13.5,25.1,0,32,3,985.9,52
2/16/2024,14.5,25.2,0,291,2.7,985.2,54
2/17/2024,13.1,24.2,0,221,4.5,983.1,54
2/18/2024,11.8,23.5,0,230,4.5,982.9,52
2/19/2024,11.2,23.2,0,297,3.5,983.3,50
2/20/2024,13.2,23.4,0,257,3.7,982.6,57
2/21/2024,12.1,22.9,0,22,2.7,982.8,55
2/22/2024,12,23.7,0,319,3,983.5,52
2/23/2024,13.2,23.8,0,287,2.7,984.4,55
2/24/2024,13.5,24.5,0,337,3,984.5,53
2/25/2024,11.5,25.2,0,69,3.2,984.4,46
2/26/2024,11.8,26.1,0,26,3.3,984,44
2/27/2024,12.4,26.8,0,202,3.5,982.9,44
2/28/2024,12.4,26.3,0,224,4.8,981.8,46
2/29/2024,13.7,26.8,0,215,3.9,981.9,49
3/1/2024,13.5,26.9,0,211,3.8,982.7,47
3/2/2024,10.6,26.5,0,278,3.8,982.6,40
3/3/2024,13.8,26.5,0,240,4.7,982.3,49
3/4/2024,13.7,26.8,0,222,3.8,981.5,49
3/5/2024,13.6,27.1,0,216,3.3,981.1,47
3/6/2024,12.9,27,0,16,3.4,980,47
3/7/2024,13.2,27.7,0,350,3,979.8,45
3/8/2024,13.4,27.9,0,275,4,980.3,47
3/9/2024,12.6,27.9,0,236,4.6,981,42
3/10/2024,13,27.9,0,259,4.6,982.9,43
3/11/2024,12,27.7,0,277,3.7,984.2,42
3/12/2024,12.5,28,0,231,5.9,983.2,41
3/13/2024,12.7,27.6,0,226,4,982.5,44
3/14/2024,11.9,27.1,0,140,3.8,982.6,42
3/15/2024,12,27.8,0,345,3.5,982.4,42
3/16/2024,13.2,28.5,0,288,3.7,983,42
3/17/2024,14.6,29.1,0,200,3.9,983.1,44
3/18/2024,14.6,29.4,0,104,3.7,982.2,44
3/19/2024,13.5,29.5,0,66,3.7,981.9,40
3/20/2024,16.3,28.2,0,39,3.4,984.5,50
3/21/2024,20.2,26.6,7.3,308,2.9,983.8,73
3/22/2024,17.8,26.3,7.5,233,5.8,981.2,66
3/23/2024,12.3,26.8,0,245,5.1,979.8,46
3/24/2024,12.2,27.1,0,237,3.5,982,44
3/25/2024,11.8,27.3,0,327,3.1,982.6,43
3/26/2024,12.3,28.3,0,265,3.9,983.2,41
3/27/2024,12.1,28.9,0,263,4.1,984.1,39
3/28/2024,13.7,28.3,0,184,3.6,982.2,44
3/29/2024,15.2,28.3,0,273,4.6,981.5,48
3/30/2024,15.7,29,0,230,5.1,982.4,48
3/31/2024,15.8,29.5,0,229,4.1,982,48
4/1/2024,15.6,29.9,0,235,5.2,980,46
4/2/2024,14.1,30.4,0,219,5.5,978.6,41
4/3/2024,15,30.8,0,223,5.1,979.3,41
4/4/2024,16.2,31.4,0,217,4,979.1,44
4/5/2024,15.9,32.3,0,203,4.3,978.2,42
4/6/2024,18.6,32.5,0,207,3.8,978.5,48
4/7/2024,19.4,32.9,0,217,4.9,978.7,50
4/8/2024,19.4,32.9,0,197,3.5,980.1,50
4/9/2024,18.3,32.5,0,227,3.9,980.3,46
4/10/2024,19.9,29.9,0,259,3.3,982.4,58
4/11/2024,18,30.8,0,219,3.8,982.5,51
4/12/2024,19.1,30.4,0.1,260,3.4,982,56
4/13/2024,20.2,30.1,0,287,3.2,981.4,63
4/14/2024,18,31.2,0.1,288,3.5,981.2,50
4/15/2024,20.7,29,3.6,51,4.2,981.7,63
4/16/2024,20.6,30,0,206,4.8,980.1,61
4/17/2024,19.9,31.3,0,217,6.3,979.1,55
4/18/2024,18.5,31.4,0,235,4.9,978.2,49
4/19/2024,20.1,30.8,0.1,216,6,976.9,55
4/20/2024,19.1,31.3,0.1,211,7.1,976.6,53
4/21/2024,18.8,32.2,0.1,226,6.5,977.9,51
4/22/2024,17.5,33,0,220,4.7,977.4,45
4/23/2024,19.6,33.3,0,198,5.3,977,49
4/24/2024,21,32.2,1.9,223,4.8,977.7,53
4/25/2024,20.6,32.8,0,217,5.5,978,53
4/26/2024,19.1,32.4,0.2,267,5,977.4,49
4/27/2024,17.7,33.2,0,244,4.5,977.2,43
4/28/2024,17.6,34,0,216,5.7,977.8,42
4/29/2024,19.2,34.4,0,225,7.1,978.5,45
4/30/2024,17.8,34.1,0,220,7.4,976.1,43
5/1/2024,19.1,34.2,0,234,6.1,975.8,45
5/2/2024,19.2,34.2,0,212,7,976.4,45
5/3/2024,21.1,31.9,4,201,5.1,978.7,54
5/4/2024,21.3,30.6,0,206,4.6,978.5,59
5/5/2024,19.4,31.8,0.7,215,5,977.2,52
5/6/2024,19.1,31.9,0,215,3.8,979.3,50
5/7/2024,21.2,31.2,0.6,201,3.3,981,58
5/8/2024,23.3,28.7,4.9,265,2.9,981.3,76
5/9/2024,22.9,29.6,0.3,205,4.3,980,71
5/10/2024,23.1,29.4,0.2,196,4.2,981,72
5/11/2024,22.9,28.9,5.4,168,3.9,981.9,74
5/12/2024,23.4,29.1,0.2,257,3.2,981.8,74
5/13/2024,23.8,30.3,0.1,204,3.2,980.5,72
5/14/2024,23.8,30.3,1.2,217,3.1,980.6,71
5/15/2024,25.6,29,3.2,237,3.2,981.7,84
5/16/2024,24.7,29.8,0.6,278,2.7,980.7,78
5/17/2024,25.8,28.8,5.8,179,3.6,980,85
5/18/2024,25.2,29,1.1,201,3.8,978.4,81
5/19/2024,24.9,28.8,5.7,190,3.6,976.9,80
5/20/2024,24.8,29.3,3.2,213,4.1,977,79
5/21/2024,24.7,27.4,25.3,272,4,978.7,87
5/22/2024,24.1,28,20.8,67,2.7,978.8,82
5/23/2024,24.8,26.8,42.9,289,3.3,978,90
5/24/2024,24.7,26.1,43.5,339,3.2,977.4,93
5/25/2024,25.2,25.3,51.2,273,2.6,978.1,99
5/26/2024,24.5,25.6,41.2,178,4.5,978.8,94
5/27/2024,24.6,26.3,12.3,195,6.2,977.8,91
5/28/2024,25,27,10.2,201,5.7,977.7,90
5/29/2024,25.2,27.3,21.4,198,5.4,977.4,89
5/30/2024,25.3,29.1,2.2,194,5.7,977.2,81
5/31/2024,25.3,29.6,4.8,208,5.2,977.2,79
6/1/2024,25.4,27.3,20.7,198,4.3,979.4,90
6/2/2024,24.2,26.6,7.3,186,5.4,980.9,87
6/3/2024,24.3,25.8,19.5,201,3.8,979.8,92
6/4/2024,24.3,26.5,8.5,199,4.5,979.5,88
6/5/2024,24.8,27.2,19.9,195,3.1,978.8,88
6/6/2024,25,26.3,20.8,201,3.7,979.3,93
6/7/2024,24.3,26.7,50.2,195,6.8,977.7,88
6/8/2024,24.6,26.7,22.2,194,5,976.6,89
6/9/2024,24.8,27.9,12.3,197,4.1,975.8,84
6/10/2024,25.3,26.9,28.3,200,2.9,976.7,91
6/11/2024,24.8,25.8,36.2,195,3.9,977.8,95
6/12/2024,23.6,26.5,6.3,193,7.9,979.7,85
6/13/2024,23.8,26.3,9.8,190,5.6,979.3,87
6/14/2024,24.4,26,13.4,196,5.5,977.2,91
6/15/2024,24.6,26.5,19.5,203,4.7,977.1,90
6/16/2024,24.2,27.2,10.1,196,5.8,978.2,85
6/17/2024,24.3,26.5,15.8,192,5.8,978.4,88
6/18/2024,24,26.5,17.7,196,6.5,977.7,87
6/19/2024,23.4,27.2,18.2,189,7.4,977.1,81
6/20/2024,23.6,27.6,4.3,201,6.3,976.6,80
6/21/2024,24.5,27.9,4.7,199,5,976,82
6/22/2024,25,28.5,1.3,183,3.8,975.4,82
6/23/2024,24.6,27.5,3.4,183,3.9,976.2,85
6/24/2024,24.7,27,8.6,201,4.7,975.8,88
6/25/2024,24.8,27,9.9,123,2.5,975.3,89
6/26/2024,24.3,27.2,7.2,179,5.3,976.8,85
6/27/2024,24.4,27.2,12,193,4.5,979.5,85
6/28/2024,23.8,28.1,2.8,201,5.9,979.1,79
6/29/2024,24.8,27,34.3,200,4.6,979.3,89
6/30/2024,24.5,26.2,28.2,197,4.7,980.2,91
7/1/2024,23.7,26.7,5.6,195,6.7,979.2,85
7/2/2024,23.8,26.5,15.4,200,6.1,978,86
7/3/2024,24.2,26.3,21.9,203,4.6,978.7,89
7/4/2024,24.5,26.4,16.4,198,3.8,980.3,90
7/5/2024,24.3,26.7,6.4,201,3.9,978.6,88
7/6/2024,24.8,27.1,15.2,134,2.9,977.5,88
7/7/2024,24.7,27.9,2.7,174,3.3,977.8,84
7/8/2024,24.3,27.4,8.3,202,4.2,978.3,84
7/9/2024,24.1,27.1,5.2,198,4.4,979.5,84
7/10/2024,23.8,27.8,8,201,5.6,979.7,80
7/11/2024,24.2,26.1,25,195,4.8,978.6,90
7/12/2024,24.1,26.4,12.6,200,4.6,976.8,88
7/13/2024,23.9,27.2,4.7,193,6.4,974.8,83
7/14/2024,23.7,27.6,2.3,190,7.3,975.4,80
7/15/2024,23.6,27.6,3.8,193,5.1,977.7,79
7/16/2024,24.6,27.6,4.8,182,2.9,977,85
7/17/2024,24.6,27.1,21.6,196,3.6,976,88
7/18/2024,24.5,27.1,8.8,177,4.9,976.1,86
7/19/2024,24.3,26.1,29.3,206,5.3,976.1,90
7/20/2024,24.2,25.5,13.8,198,4.6,977.8,93
7/21/2024,24.2,25.8,15.7,199,4.4,978.7,91
7/22/2024,24.1,25.1,24.1,197,4.5,979.3,94
7/23/2024,24.1,25.8,13.3,194,5.9,977.4,91
7/24/2024,24.2,25.3,42.6,193,5.4,974.2,94
7/25/2024,24.3,25.7,18.5,191,6.1,972.9,93
7/26/2024,24.4,25,40.6,185,5.6,974.2,96
7/27/2024,24.2,26.2,27.3,190,4.7,976.7,89
7/28/2024,24.3,25.7,19,197,4.9,976.5,92
7/29/2024,24.2,25.9,18.2,194,5.3,976.3,91
7/30/2024,24.2,24.8,21.7,194,5,977.7,97
7/31/2024,23.8,24.3,16.7,189,5.1,978.7,97
8/1/2024,23.7,24.4,24.3,195,4.4,979.9,96
8/2/2024,23.7,24.6,19,203,3.9,980,95
8/3/2024,23.8,25.6,15.6,195,4.8,980.4,91
8/4/2024,23.8,26.1,10.3,196,4.6,980.2,88
8/5/2024,23.9,26.1,17.8,207,4.4,979.5,89
8/6/2024,24.5,25.5,42.7,236,3.2,979,94
8/7/2024,24,26.2,21.5,192,4.1,979.5,89
8/8/2024,23.8,26.7,16.6,202,4.2,980.7,85
8/9/2024,23.1,28.4,0.5,204,5,980.1,75
8/10/2024,23.3,28.9,0.3,214,5.5,978.6,74
8/11/2024,23.8,28.3,1,197,5.1,977.1,78
8/12/2024,24.7,25.9,28,191,3.9,977,93
8/13/2024,24.4,25.5,26.9,199,4.6,977.7,94
8/14/2024,24.3,26.6,24.2,202,5.3,978.3,89
8/15/2024,24.9,26.3,48.6,214,3.6,978.3,93
8/16/2024,24.8,26.3,16.2,195,3.9,978,92
8/17/2024,24.4,27,18.9,215,3.8,979,87
8/18/2024,25,26.5,34.8,204,2.9,980.2,92
8/19/2024,24.3,27,4.4,200,4.6,979.7,86
8/20/2024,24.1,26.8,9.8,207,3.5,980.3,86
8/21/2024,24.8,25.6,15.8,194,4,980.8,95
8/22/2024,24.2,25.3,13.4,206,3.5,980.6,94
8/23/2024,24,25,16.1,203,3.3,981.6,94
8/24/2024,23.9,24.9,43,249,2.8,981.8,95
8/25/2024,24,25.3,19,205,3.4,980.4,93
8/26/2024,23.6,27,14.9,208,4,979.4,83
8/27/2024,24.5,25.2,31.3,193,2.7,979.9,96
8/28/2024,24.2,25.6,20.9,203,2.5,978.6,93
8/29/2024,23.9,25.9,20.5,194,3.2,978.4,89
8/30/2024,23.7,27,6.1,202,5,979.2,83
8/31/2024,23.4,27.2,7.3,188,4.3,979.8,81
9/1/2024,24.1,26.7,1.3,167,2.2,979.2,87
9/2/2024,24.2,27.3,0.8,175,2.2,978.9,85
9/3/2024,24.6,28.1,0.6,219,2.9,979.1,83
9/4/2024,24.2,27.7,0.3,194,4.3,977.7,83
9/5/2024,23.8,27.6,6.4,209,3.4,976.9,81
9/6/2024,24,27.2,1.5,192,3.8,977.2,84
9/7/2024,23.5,27.7,0.8,196,5.6,977.8,79
9/8/2024,23.7,27.1,2.7,199,5.7,978.2,83
9/9/2024,24.1,25.6,22.1,197,5.8,977.2,92
9/10/2024,23.9,24,69.9,191,6.2,975.8,100
9/11/2024,23.8,24.2,37.1,212,4.1,978,98
9/12/2024,23.7,24.8,15.6,269,2.6,979.8,94
9/13/2024,24.1,26.3,3.9,204,3.2,978.5,89
9/14/2024,23.4,27,3.1,190,4.1,977.4,82
9/15/2024,23,27.2,0.4,193,4.4,977.1,79
9/16/2024,23.7,27.3,0,190,2.6,977.5,82
9/17/2024,24.7,27,1.7,110,3,977.2,88
9/18/2024,24.6,27.6,18,196,2.9,976,86
9/19/2024,24.3,28.3,0.1,163,2.3,975.5,81
9/20/2024,24.2,27.7,0.1,154,3.1,975.6,83
9/21/2024,24.9,26.9,5.4,166,2.5,975.9,90
9/22/2024,25.1,27,19,223,3.2,976.3,91
9/23/2024,24.2,24.4,58.3,336,1.7,979.6,99
9/24/2024,24,25.1,30.7,231,2.7,981.2,94
9/25/2024,24.2,25.3,30.1,168,2.3,982.4,94
9/26/2024,23.9,26,1.6,130,1.9,982.5,89
9/27/2024,24.3,26.7,0.1,188,1.9,982.5,88
9/28/2024,24.9,27.4,2.1,164,2.4,981.5,88
9/29/2024,25.2,27.4,4.3,177,2.8,980.5,89
9/30/2024,25.2,27.3,7.8,199,3.4,979.1,89
10/1/2024,24.7,25.8,24.8,177,2.7,977.9,93
10/2/2024,23.8,25.1,38.1,340,3.7,979.8,93
10/3/2024,23.8,24.7,23.7,344,2.7,981.3,95
10/4/2024,24,25.2,20.9,346,2.7,982.8,94
10/5/2024,23.7,26,7.7,212,2.5,982.9,88
10/6/2024,24.2,26.6,0,112,1.9,983.7,88
10/7/2024,24.2,26.8,0.2,334,2.1,984.5,87
10/8/2024,23.9,26.7,0.2,34,2.6,984.2,86
10/9/2024,23.6,26.6,0.6,136,2.6,982.8,86
10/10/2024,23.6,26,13.3,177,3,982.4,88
10/11/2024,23.8,26.2,0.7,152,1.9,982.3,88
10/12/2024,23.3,26.8,0.1,123,1.8,982.8,83
10/13/2024,23.5,27.1,0.3,137,2.2,982.9,83
10/14/2024,23.8,26.7,0.8,205,2.5,982.6,86
10/15/2024,23.9,26.9,3.3,191,2.3,982.5,85
10/16/2024,24.2,27.2,2.3,160,2.2,982.7,86
10/17/2024,24.3,27.2,4.2,30,2,982.6,87
10/18/2024,24.1,26.6,7.7,358,2.8,982.2,88
10/19/2024,23.9,27,1,59,2.3,982.5,85
10/20/2024,23.8,26,1.2,35,2.9,983.5,90
10/21/2024,23.2,25.6,0.2,31,2.8,983.2,88
10/22/2024,22.7,26.5,0.3,51,3.1,983,82
10/23/2024,22.5,26.9,2.4,72,2.6,983.5,80
10/24/2024,22,26.5,0.1,175,2.7,983.1,79
10/25/2024,22.4,27.6,0,237,2.1,982,75
10/26/2024,23.3,28,0,275,2.4,980,78
10/27/2024,23.7,28.2,0.2,39,2,978.4,79
10/28/2024,22.2,28.1,0.3,227,2.3,978.5,75
10/29/2024,21.9,27.5,0,286,1.9,980.2,76
10/30/2024,21.5,27.6,0.8,175,2,981.8,72
10/31/2024,21.7,27.7,0.3,289,2.2,981.9,73
11/1/2024,21.4,28,0,345,2.6,982.3,70
11/2/2024,21.9,26.7,0.6,52,3,983.6,78
11/3/2024,19.6,26.7,0,36,2.4,984.1,70
11/4/2024,16.3,25.5,0,60,3.2,984.1,62
11/5/2024,19.3,25.7,0.3,42,3.3,985.1,71
11/6/2024,20.8,24.1,19.8,33,3.9,985.8,84
11/7/2024,21.9,21.9,40.4,350,2.5,986,100
11/8/2024,21.6,21.9,26.6,340,3.2,986.2,98
11/9/2024,21.4,22.7,1.5,312,2.9,985.7,93
11/10/2024,21.6,24.2,0,305,3.1,985,87
11/11/2024,21.5,24.5,0,72,1.7,984.1,85
11/12/2024,21.3,24.4,0,155,1.4,983.2,85
11/13/2024,22.3,25.7,0,323,1.4,982.2,83
11/14/2024,22.6,25.9,0,298,1.9,982.4,84
11/15/2024,21,25.2,0,321,1.6,982.1,80
11/16/2024,18.8,24,0,314,1.8,982,75
11/17/2024,20.7,24.7,0.2,258,1.9,982.4,81
11/18/2024,22.7,25.4,1.2,349,2.5,983.8,87
11/19/2024,21.4,24.8,0,335,1.7,985,83
11/20/2024,20.6,23.7,0.8,315,1.8,984.4,84
11/21/2024,20.6,24,0,339,1.6,983.9,84
11/22/2024,20.1,23.6,0,267,1.5,984,83
11/23/2024,19.5,23.6,0,155,1.5,984.8,80
11/24/2024,19.8,23.8,0,49,1.6,984.5,81
11/25/2024,20.6,24.2,0,330,1.4,984,83
11/26/2024,21.5,24.3,0.8,333,1.9,984,86
11/27/2024,21.5,24.1,1.3,331,2.2,984.1,86
11/28/2024,21.9,24.1,1.4,306,2.4,985.6,89
11/29/2024,19.9,24.5,0,35,3,985.4,78
11/30/2024,19.7,24,0,347,3.8,983.9,78
12/1/2024,20.2,23.9,0,304,1.4,982.2,82
12/2/2024,21.2,24.6,0,276,1.4,982.1,83
12/3/2024,21.8,25.3,0,313,1.6,982.4,83
12/4/2024,21.9,25.7,0,200,1.5,982,81
12/5/2024,22.2,25.5,0.1,147,2.3,981.6,83
12/6/2024,21,25.3,0.2,214,2.4,981.2,79
12/7/2024,20.7,24.8,0.1,341,2.1,982.6,79
12/8/2024,21.4,24.6,0,351,1.6,983.6,84
12/9/2024,21.8,24.5,0.7,281,2.1,983.4,86
12/10/2024,21,24.8,0,80,1.2,982.4,81
12/11/2024,18.8,23.9,0,310,1.8,982.6,75
12/12/2024,17.9,22.4,0,303,1.3,982.4,79
12/13/2024,18.8,23.1,0,310,2.4,983,79
12/14/2024,21.2,23.9,0.5,195,2.2,984.9,86
12/15/2024,21.8,23.4,10.8,318,2.5,986.7,91
12/16/2024,19.7,23.3,0.2,40,3.6,986.7,82
12/17/2024,19.3,22.4,0,32,1.7,985.5,84
12/18/2024,19.5,23.2,0,332,2,984.6,82
12/19/2024,19.6,23.1,0.2,308,1.6,985,82
12/20/2024,18.7,22.6,0.6,8,1.9,984.2,81
12/21/2024,18.8,22.2,0,340,1.7,984.3,83
12/22/2024,17.9,22.4,0,321,2.4,984.3,78
12/23/2024,17.6,21.7,0,320,2.7,984.3,79
12/24/2024,17.5,21.4,0,312,1.8,985.3,82
12/25/2024,16.7,20.7,0,296,1.6,986.6,82
12/26/2024,17.4,21.5,0,299,1.7,987.6,81
12/27/2024,17.7,21.6,0,278,1.6,987.7,82
12/28/2024,17.3,22,0,5,2.1,987.7,78
12/29/2024,17.3,21.9,0,320,1.5,986.5,78
12/30/2024,18.4,22.9,0,32,1.4,985.5,77
12/31/2024,18.4,22.2,0,198,1.8,985.2,81
1/1/2025,18.1,22.2,0,324,1.8,983.9,80
1/2/2025,17.2,22.1,0,344,1.7,984.2,76
1/3/2025,16.9,22.2,0,348,2,985.2,75
1/4/2025,16.7,20.8,0,311,2.4,984.5,80
1/5/2025,15.9,20.4,0,328,2.2,986,79
1/6/2025,15.5,19.9,0,304,1.8,985,79
1/7/2025,15.1,20.3,0,88,1.5,984.2,74
1/8/2025,14.3,20.5,0,261,2.2,984.1,70
1/9/2025,14.6,20.6,0,321,2,985.8,70
1/10/2025,15.4,20.9,0,339,2,988,73
1/11/2025,15.1,21.4,0,50,3.9,988.8,71
1/12/2025,13.2,19.3,0,22,4.2,989.3,71
1/13/2025,12.1,17.7,0,349,2.4,986.6,74
1/14/2025,13.5,18.4,0,306,1.5,986.8,77
1/15/2025,13.2,19.5,0,15,2.3,987.6,72
1/16/2025,13.7,19.5,0,357,2.5,987.8,73
1/17/2025,15.1,19.9,0,304,1.6,986.2,78
1/18/2025,15.3,20.7,0,310,1.1,984.7,74
1/19/2025,15.8,21.1,0,273,1.4,983.1,76
1/20/2025,16.2,21.5,0,247,1.5,982,74
1/21/2025,16.4,21.3,0,257,1.6,982,76
1/22/2025,15.4,21.2,0,338,1.3,982.7,72
1/23/2025,15.7,21.5,0,260,1.5,983.2,73
1/24/2025,15.8,21.6,0,228,1.9,982,73
1/25/2025,15.2,21.9,0,176,1.9,982,68
1/26/2025,15,22.4,0,305,1.9,981.9,65
1/27/2025,15.5,21.8,0,180,5,981.9,70
1/28/2025,16.9,21.3,1,36,4,984.6,78
1/29/2025,16.6,21.8,0.5,186,4,985.9,75
1/30/2025,16.6,22.6,0.1,239,3.9,983.1,71
1/31/2025,16.6,22.9,0,215,2.4,982.5,71
2/1/2025,14.4,22.3,0,316,1.5,982,64
2/2/2025,13.8,22.7,0,101,1.3,981.6,60
2/3/2025,14.3,23.3,0,294,1.7,982,60
2/4/2025,14.6,23.6,0,202,3.8,982.2,60
2/5/2025,16,23.7,0,202,4.8,981.6,64
2/6/2025,16.6,23.2,0,226,1.6,982,69
2/7/2025,16.2,24.1,0,9,1.6,982.8,64
2/8/2025,16.7,24.7,0,243,2.3,983,63
2/9/2025,18,24.6,0.8,207,3.6,983.4,69
2/10/2025,17.8,24.6,0.1,184,3.3,983.9,68
2/11/2025,16,24.3,0,235,2.6,983.6,63
2/12/2025,14.2,23.8,0,250,2.1,983.7,58
2/13/2025,12.5,23.5,0,212,2.4,983.5,52
2/14/2025,13.5,22.9,0,227,2.3,983,58
2/15/2025,13.3,23.2,0,206,2.2,982,57
2/16/2025,14.3,23.5,0,231,2.7,982.4,59
2/17/2025,13.2,24.2,0,185,1.8,984.3,54
2/18/2025,12.6,24.3,0,239,2.1,984.3,51
2/19/2025,14.3,24.2,0,156,2.4,983.8,56
2/20/2025,14.3,24.5,0,133,2.1,984.2,56
2/21/2025,12.7,24.9,0,189,2.5,984.1,49
2/22/2025,12.5,24.5,0,106,2,984.9,49
2/23/2025,13.7,25.4,0,186,2.5,985.7,50
2/24/2025,18.8,23.7,23,184,4.1,987.8,76
2/25/2025,19.9,23.4,5.1,321,3.3,988.9,83
2/26/2025,18.4,24.8,0.7,77,2.3,987.7,72
2/27/2025,16.2,25.5,0,113,2.7,985,60
2/28/2025,15.7,26.2,0,155,3.2,983.5,55
3/1/2025,14.8,26.5,0,212,2.5,981.8,52
3/2/2025,12.6,25.8,0,139,2.5,980.4,47
3/3/2025,12.4,26.1,0,69,2.2,980.4,46
3/4/2025,12,25.5,0,191,2.8,979.7,46
3/5/2025,13.4,25.4,0,196,2.2,979.4,50
3/6/2025,12.8,25,0,184,2.6,981,49
3/7/2025,12.8,25.4,0,210,3.6,980.4,49
3/8/2025,15.9,26.4,0,180,5.8,981.2,55
3/9/2025,18.4,26.2,0.6,85,3.3,983.8,65
3/10/2025,17,26.7,0,54,2.3,984.9,60
3/11/2025,15.6,28.2,0,189,3.8,982.7,50
3/12/2025,14.8,27.6,0,217,4.2,980.3,48
3/13/2025,14.1,27.8,0,204,4.1,979.9,47
3/14/2025,12.2,27.4,0,154,3.9,981.7,42
3/15/2025,12.4,28,0,138,3,982.2,41
3/16/2025,13.8,28.2,0,159,2.4,981.5,44
3/17/2025,15.1,28.4,0,201,3.7,980.9,47
3/18/2025,15.6,28.7,0,192,4,981.8,48
3/19/2025,18.1,27.9,0,159,4.3,984.9,57
3/20/2025,18.2,26.7,0,56,3.6,986.7,64
3/21/2025,18.3,27,0.1,291,2.9,986.7,62
3/22/2025,18.4,28.1,0,232,2.5,985.2,59
3/23/2025,18.5,28.5,0,214,2.9,984.2,58
3/24/2025,15.8,28.2,0,231,2.1,982.2,50
3/25/2025,15.1,27.7,0,213,3,978.8,49
3/26/2025,15.3,27.6,0,237,3.2,977.6,50
3/27/2025,14.4,27.2,0,195,3.1,976.7,49
3/28/2025,15.1,27.2,0,177,2.6,977.9,49
3/29/2025,15.8,28.2,0,223,2.7,979.4,50
3/30/2025,16.1,28.7,0,192,3.6,981,49
3/31/2025,17.7,29.6,0,226,3.7,980.9,52
4/1/2025,18,30,0,210,4.5,980.7,53
4/2/2025,17.8,30,0,176,4.1,981.6,52
4/3/2025,18.6,30.5,0,188,5.6,982.7,51
4/4/2025,19.5,30.9,0,189,5.7,981.6,54
4/5/2025,20.6,29.8,0.3,184,6.2,981.2,60
4/6/2025,21.3,27.5,0.5,222,3.8,981.9,70
4/7/2025,20.3,27.4,1.8,191,3.1,983.7,67
4/8/2025,17.8,28.6,0,297,3.3,984.5,54
4/9/2025,17.4,29,0,276,1.8,982.1,52
4/10/2025,19.2,28.4,0.5,208,3.8,979.8,59
4/11/2025,21.4,28.7,1.2,199,5.2,978.6,68
4/12/2025,22.4,27.8,0.4,200,5.3,980,73
4/13/2025,22,28,10,189,4,981.3,72
4/14/2025,22.6,26,13,29,3.5,982.7,84
4/15/2025,22,27.6,0.3,223,2.1,982.4,75
4/16/2025,22.1,28.1,2.5,215,4.2,981.4,73
4/17/2025,21.8,27.8,19.1,213,5.1,980.7,73
4/18/2025,21.4,27.7,0.7,205,4.8,979.9,71
4/19/2025,21.1,28,0,207,3.7,979.2,69
4/20/2025,20.6,29,0,203,4.1,979.4,63
4/21/2025,21.2,29.2,0.1,202,4.6,981.1,64
4/22/2025,22.1,29.7,0.4,209,3.8,981.4,66
4/23/2025,21.2,29.9,0,210,4.9,979.7,63
4/24/2025,20.9,30.4,0,210,5,979.2,59
4/25/2025,20.8,30.3,0,189,4.4,979.5,60
4/26/2025,21.6,30.5,0,192,3.8,979.9,61
4/27/2025,21.4,30.8,0,183,2.9,980.7,60
4/28/2025,21.3,28.7,0.2,206,3.2,980.7,66
4/29/2025,22.3,26.2,7.8,219,4.6,981.7,81
4/30/2025,22.4,25.4,4.5,296,2.9,982,85
5/1/2025,22,27.5,0.8,243,3.3,982.6,75
5/2/2025,22.5,27.7,0.8,279,2.8,981.6,76
5/3/2025,22.5,26.6,14.6,228,3.6,980.5,81
5/4/2025,21.8,27.4,1.2,196,4.9,979.3,75
5/5/2025,21.7,28.4,0.3,208,2.8,978.9,70
5/6/2025,21.4,29.2,0,180,3.1,978.4,65
5/7/2025,21.7,29.9,0,191,5,977.4,64
5/8/2025,23.7,29.1,0.7,197,3.8,978.1,75
5/9/2025,22.5,30.1,0,181,3.6,978.3,66
5/10/2025,24,29,0.6,202,4.2,978.8,76
5/11/2025,24.2,28,32.6,54,3.6,978.2,82
5/12/2025,23.2,27.6,13.3,328,3.6,978.6,80
5/13/2025,23.3,27.3,6.2,185,2.7,979.4,81
5/14/2025,23.2,27.4,8.6,38,3.6,980.4,81
5/15/2025,23.9,25.9,11.7,204,3.3,981.3,89
5/16/2025,23.3,26.7,3.1,239,2.5,981.3,83
5/17/2025,23.7,26.8,13.8,205,3,981.2,85
5/18/2025,23.4,27.1,10.6,207,3.3,980.9,82
5/19/2025,23.8,27.3,6.5,218,3,980,83
5/20/2025,24.4,28.1,0.5,189,2.9,978.9,82
5/21/2025,24.1,28,6.5,196,3.8,979.7,80
5/22/2025,24.2,28,10.4,203,2.6,978.3,81
5/23/2025,24.9,27.6,10.7,215,2.1,976.7,86
5/24/2025,25,26.6,12.6,356,2.4,977.4,92
5/25/2025,24.7,27,5.2,287,3.5,978.6,88
5/26/2025,23.9,27.1,32.8,24,4.6,978.4,84
5/27/2025,24,25.8,24.2,286,4.2,977.5,90
5/28/2025,23.9,26.7,16.3,200,5.8,977.2,86
5/29/2025,24.2,26,38,199,3.9,977.7,90
5/30/2025,23.9,26.4,15.6,194,7.6,978.6,86
5/31/2025,23.9,26.2,4.4,199,7,979.7,88
6/1/2025,24.4,26.6,8.3,202,7.4,978.8,89
6/2/2025,24.2,25.9,26.8,190,6.6,977.9,90
6/3/2025,23.6,25.5,14.5,190,5.5,978.3,90
6/4/2025,23.3,27.1,0.6,196,4.5,979.2,81
6/5/2025,23.2,27.9,1.7,195,4.6,979.6,77
6/6/2025,23.6,28.2,0.3,194,4.7,979.2,77
6/7/2025,24.3,28.3,1,203,4.4,978.4,80
6/8/2025,24.5,27.9,6.3,183,3.5,977.2,83
6/9/2025,24.7,27.6,12.8,228,3.8,976.5,86
6/10/2025,24.5,26.7,19.7,104,3.1,976.5,89
6/11/2025,24.6,25.9,36.4,266,2.5,977.2,93
6/12/2025,24.1,26.6,10.3,216,3.6,976.8,87
6/13/2025,24.4,26.5,14.9,205,3.4,977.4,89
6/14/2025,24.1,26.4,12.6,192,6.2,977.5,87
6/15/2025,23.7,26.7,6.2,190,7.7,977.5,84
6/16/2025,24,25.6,30.1,198,5.6,978.9,91
6/17/2025,23.9,25.9,10.1,192,6.2,979.5,89
6/18/2025,23.4,26.6,5.2,191,7.6,979.2,83
6/19/2025,24,25.5,28.2,193,5.1,979.5,91
6/20/2025,23.9,26.7,2.8,199,5.7,978.9,85
6/21/2025,24,26.9,7,200,4.9,977.5,85
6/22/2025,24.4,26.2,29,206,3.8,977.5,90
6/23/2025,23.8,26.5,9,190,5.4,976.8,85
6/24/2025,23.7,26,17.1,188,4.6,977,87
6/25/2025,23.4,26.5,18.7,192,5.3,978.7,84
6/26/2025,23.7,26.4,23.4,191,5.1,979.3,86
6/27/2025,24.2,25.7,26.2,202,4.8,978.2,92
6/28/2025,23.6,25.8,12.5,194,7,976.9,88
6/29/2025,23.8,25.2,32.7,199,5.8,975.9,92
6/30/2025,24,26.1,17.4,196,5.3,975.9,89
7/1/2025,23.7,26,25.4,199,5.1,977.2,87
7/2/2025,23.6,25.7,30.2,201,4.8,978.4,89
7/3/2025,23.5,25.5,9.9,200,4.6,979.7,89
7/4/2025,23.4,25.5,21.3,200,3.3,979.4,88
7/5/2025,24.1,25.6,34.1,206,3.8,977.7,92
7/6/2025,23.2,25.6,15.2,187,5.9,977.2,86
7/7/2025,23.4,25.2,16.3,194,5.1,977.8,90
7/8/2025,24.1,26.2,7.2,198,4.9,978.2,89
7/9/2025,24.2,26,14.8,190,5.1,978.9,90
7/10/2025,23.9,26.3,11.2,196,5.1,977.1,88
7/11/2025,24.2,25.8,20.2,186,4.8,974.8,91
7/12/2025,24.3,25.5,17,189,3.6,975.7,93
7/13/2025,24.2,25.8,10.7,202,3.6,977.9,91
7/14/2025,24.1,26.4,9,197,4.1,978.5,88
7/15/2025,24.6,26.5,24.1,195,4.3,977.3,90
7/16/2025,24.6,25.6,21.2,202,3.8,977.7,94
7/17/2025,24,25.4,10.1,197,4.7,978.2,92
7/18/2025,23.6,25.9,6.8,200,5.4,977.5,88
7/19/2025,23.5,26.6,2.4,196,6.1,974.9,83
7/20/2025,23.8,26,8,202,3.5,974.8,88
7/21/2025,23.7,26.4,3.6,191,6.3,975.1,86
7/22/2025,23.9,25.5,6.2,189,5.6,973.5,91
7/23/2025,24.1,24.6,45.7,184,6.3,970.4,97
7/24/2025,23.7,25.3,38.5,187,8,973,91
7/25/2025,23.7,25.8,18,192,6.3,976,89
7/26/2025,24.4,25.5,30.3,195,5,977.2,94
7/27/2025,24.5,25.2,62.7,192,5.8,975.8,96
7/28/2025,24.4,24.9,54,201,3.8,975,97
7/29/2025,24.2,25.3,33.8,198,4.6,975.9,94
7/30/2025,24.2,26.2,10.3,192,5.4,976.9,89
7/31/2025,24.2,26.5,11.3,200,5.6,977.1,88
8/1/2025,24.3,26.7,9.3,198,5.9,976.8,87
8/2/2025,24.7,26.5,15.4,189,5.2,978.2,90
8/3/2025,23.5,27.8,0.7,204,6.3,979.7,79
8/4/2025,23.2,27.9,0.2,219,5.9,979.5,77
8/5/2025,24.4,26.4,29.4,195,4.8,979.2,89
8/6/2025,24.2,24.8,48.5,195,4.9,978.2,96
8/7/2025,23.9,25.1,26.1,210,3.3,979.4,93
8/8/2025,23.6,26.2,2.8,187,4.1,981.8,86
8/9/2025,23.7,26.7,3.4,198,4.7,981.7,84
8/10/2025,23.8,26.6,12.4,201,5,979.9,85
8/11/2025,23.9,26.9,2.1,196,4.1,978,84
8/12/2025,24.1,26.8,16.4,191,3.7,977.7,86
8/13/2025,24.5,26.4,20.4,218,2.6,979.9,90
8/14/2025,24.1,26.2,10.8,204,3.1,979.4,89
8/15/2025,24,26.2,6.3,174,3.4,976.5,88
8/16/2025,24.2,25.6,27.6,328,2.7,975.9,92
8/17/2025,23.6,24.9,30.9,286,3.5,979.2,93
8/18/2025,23.5,25.8,3,203,3.8,980.8,88
8/19/2025,23.7,26.7,5.5,203,5.1,980.3,85
8/20/2025,23.8,26.8,9.3,206,4.2,980.5,85
8/21/2025,23.9,26.8,5,193,4.1,980.7,85
8/22/2025,24.3,26.1,22.8,193,3,979.8,90
8/23/2025,23.8,25.2,31.8,229,3.5,979.7,93
8/24/2025,23.8,26.2,8.7,178,2.3,979.1,87
8/25/2025,24.1,26.1,5.2,163,2.8,977.6,90
8/26/2025,23.8,25.6,18.7,194,4.2,977.6,91
8/27/2025,23.3,24,27,187,5.4,978.4,96
8/28/2025,23.3,24.2,7.2,184,3.3,979.9,95
8/29/2025,23.2,25.9,1.2,192,3.1,980.6,86
8/30/2025,23.9,26.8,8.1,196,2.1,979.7,85
8/31/2025,25,26.5,17.1,58,2.2,976,92
9/1/2025,24.1,25.4,16.4,356,3.1,976.9,93
9/2/2025,23.7,26.1,8.5,208,3.5,978.6,87
9/3/2025,23.8,26.5,5.9,200,3,979.6,86
9/4/2025,24.2,27.4,4.8,196,2.4,979.1,84
9/5/2025,24.8,27.3,0.6,185,2.2,979.3,87
9/6/2025,24.7,27.2,3.1,166,2.3,979.8,87
9/7/2025,24.4,26.8,17.6,173,3,979.1,88
9/8/2025,24.1,26.6,3.7,173,2.4,978.7,87
9/9/2025,23.9,26.2,21.6,166,3.4,979.3,88
9/10/2025,24.2,26.2,13.3,144,3,979.7,89
9/11/2025,24.1,25.8,7.2,206,3.3,980.6,91
9/12/2025,24.2,25.9,10.2,198,2.6,981.3,91
9/13/2025,24.2,26,11.1,189,2.3,981.8,91
9/14/2025,24.3,25.5,7.9,298,2,982.1,93
9/15/2025,24.2,26,5.8,178,2.1,981.4,90
9/16/2025,24.1,26.3,14.2,109,2.4,981.5,89
9/17/2025,23.9,26.6,3.4,149,2.6,980.3,86
9/18/2025,24.5,27,0.5,120,2.4,979.4,87
9/19/2025,24.4,26.3,2.1,109,2.8,979.3,90
9/20/2025,24.2,26.4,4.8,188,2.8,977.9,89
9/21/2025,24.4,25.4,23.9,258,2.3,978.4,94
9/22/2025,24,24.9,37.8,156,2.9,979.1,95
9/23/2025,24,25.3,31.1,214,4,978,93
9/24/2025,24.2,25.5,30.1,53,2.5,976.1,93
9/25/2025,24.2,25.6,18.6,212,2.9,976.6,93
9/26/2025,24.1,25.8,23.6,141,2.4,979.5,91
9/27/2025,24.3,25.8,5.5,239,2.7,981.5,92
9/28/2025,24.1,27.3,1.1,281,2.7,979.1,85
9/29/2025,24.6,27.4,2.7,210,2.4,975.7,86
9/30/2025,23.9,24.8,26.8,180,3.8,977.5,95
10/1/2025,23.9,24.8,17.4,301,2.3,981.3,95
10/2/2025,24.1,26,15.1,184,1.9,983.8,90
10/3/2025,24.3,26.4,5.6,104,1.6,983.3,89
10/4/2025,24.4,25.9,6.1,197,1.8,982.8,92
10/5/2025,24.1,26.5,2.1,191,2.7,982.1,88
10/6/2025,23.8,26.1,8,200,3.6,981.4,88
10/7/2025,23.4,25.7,3.1,202,3.8,982,88
10/8/2025,23.5,26.1,5.6,176,2.5,983,86
10/9/2025,23.8,25.9,5.6,169,2.2,982.8,89
10/10/2025,23.3,26.2,1.7,227,2.9,982,86
10/11/2025,22.6,26.6,0,234,2.9,981.2,81
10/12/2025,23.9,26.9,0.4,279,2.3,981.2,85
10/13/2025,24.3,26.4,2.7,259,2.3,981.5,89
10/14/2025,24.1,26.3,0.2,329,2,981,88
10/15/2025,23.7,24.9,8,52,2.2,981.2,94
10/16/2025,23.7,25.8,4,46,2.6,982.3,89
10/17/2025,23.9,26,3.7,136,2.9,983.4,89
10/18/2025,23.8,26.2,0,27,2.2,982.8,88
10/19/2025,23.7,26.5,0.5,346,2.1,981.6,87
10/20/2025,23,26.5,0.5,323,2.8,981.9,83
10/21/2025,22.2,25.9,0.1,30,1.3,982.6,83
10/22/2025,20.7,25.8,0,51,3.5,983.2,77
10/23/2025,19.5,25,0,51,3.8,983.6,75
10/24/2025,21,25.7,0.2,41,2.5,983.3,78
10/25/2025,21,25.6,0.2,38,2.3,983.1,79
10/26/2025,21.1,26.1,0,26,2.4,983.2,77
10/27/2025,20.7,26.1,0,353,2.5,983.9,76
10/28/2025,20.5,26.1,0,7,2.5,983.7,74
10/29/2025,20.8,26.1,0,314,2.1,983.1,76
10/30/2025,21.5,26.8,0,10,2.5,982.6,76
10/31/2025,22.4,26.7,0.1,45,2.4,982.4,80
11/1/2025,24,25.5,17.7,244,3.1,982.5,92
11/2/2025,24,25,37.3,293,3.3,981.7,94
11/3/2025,23.5,24.6,16.1,299,3.7,981,94
11/4/2025,23.4,24.6,35.5,313,3.1,981.7,93
11/5/2025,23.3,24.9,4.2,235,2.3,981,91
11/6/2025,23.5,25.8,2.6,163,2.1,981.1,88
11/7/2025,23.2,26.3,0,291,1.6,980.6,85
11/8/2025,23.3,25.8,14.1,239,2.9,980.8,87
11/9/2025,23.5,24.9,10.7,203,2.2,981.3,92
11/10/2025,23.1,24.8,2.8,238,1.6,981.6,91
11/11/2025,22.5,25.7,0.8,295,2.4,981.5,84
11/12/2025,20.5,25,0,306,2.8,982.6,78
11/13/2025,20.8,25.3,0,307,1.6,984.3,78
11/14/2025,21.7,25.6,0,274,1.2,984.1,81
11/15/2025,22.1,25.5,0.6,355,2.3,985.2,83
11/16/2025,19.3,24.8,0,27,3,986.9,75
11/17/2025,19.6,23.3,0.7,11,3.4,986.5,81
11/18/2025,21.4,23.3,5.9,34,3,986.3,89
11/19/2025,21.1,23.1,12.5,31,3.6,987,89
11/20/2025,18.1,23.1,0,40,5.5,987.6,75
11/21/2025,17.5,22.6,0,32,4.7,988.3,75
11/22/2025,17.1,21.8,0,3,3.1,986.7,78
11/23/2025,18.1,22,0,318,1.9,986.4,82
11/24/2025,17.6,22.2,0,338,2.7,986.1,79
11/25/2025,15.1,20.8,0,32,4.3,986.4,74
11/26/2025,14.6,19.7,0,349,3.2,986.3,76
11/27/2025,12.4,19.2,0,38,6.2,987.9,69
11/28/2025,11.7,17.8,0,13,3.3,986.5,73
11/29/2025,13,17.3,0,296,1.1,984.8,80
11/30/2025,15.2,18.8,0,291,1,984.3,83
12/1/2025,16.6,19.7,0,257,1.1,984.1,85
12/2/2025,16.9,20.4,0,321,0.8,983.9,83
12/3/2025,17.3,21.1,0,274,1.7,985.3,82
12/4/2025,18.1,21.7,0,294,1.3,986.2,83
12/5/2025,18.5,21.9,0,282,1.1,986.8,84
12/6/2025,19.9,23.4,0,171,1.3,986.1,83
12/7/2025,20.4,23.7,0,0,1.2,985.6,84
12/8/2025,18.7,23.3,0,285,2,985.6,78
12/9/2025,18.8,22.8,0,296,2.1,985.4,81
12/10/2025,17.4,21.9,0,336,2.5,986,79
12/11/2025,16.3,20.8,0,315,1.6,985.4,79
12/12/2025,18.2,22.3,0,297,1.6,984.7,80
12/13/2025,19.3,22.7,0,3,1.4,985.3,84
12/14/2025,19.2,22.8,0,39,2,986,82
12/15/2025,18.9,22.9,0,339,1.4,985.8,81
12/16/2025,17.3,22.4,0,103,1.3,985,76
12/17/2025,17.1,22.3,0,317,2.1,985.5,74
12/18/2025,17.2,22.1,0.2,284,2.4,985.6,76
12/19/2025,16.7,21.6,0,327,1.1,984.2,78
12/20/2025,16.6,21.1,0,351,1.6,983.6,77
12/21/2025,16.5,20.9,0,328,2.3,985.2,79
12/22/2025,16,20.7,0,343,1.8,984.6,78
12/23/2025,15.9,21.1,0,4,1.5,983.4,74
12/24/2025,16.3,21.4,0,292,1.3,983.3,74
12/25/2025,16.4,21.4,0,333,1.6,984.1,76
12/26/2025,16,21.6,0,297,1.5,984.2,74
12/27/2025,14.9,20.9,0,76,1.7,984.7,71
12/28/2025,14.4,20.2,0,72,1.7,985.3,71
12/29/2025,14.5,20.5,0,82,1.4,984.5,70
12/30/2025,14.5,20.2,0,91,1.5,983.2,71
12/31/2025,14.4,20.1,0,32,1.6,981.8,72
