,index,date,pm,location,temp,dew_point,humidity,pressure,wind_speed,wind_direction,precipitation
0,0,2023-01-01,79.375,KPS,22.9,16.1,68,1015.6,7.2,19,0.0
1,1,2023-01-02,75.20833333333333,KPS,23.6,17.1,69,1015.8,6.3,24,0.0
2,2,2023-01-03,89.16666666666667,KPS,24.9,18.6,68,1015.2,6.5,14,0.0
3,3,2023-01-04,68.75,KPS,26.4,18.5,63,1014.5,7.8,21,0.0
4,4,2023-01-05,67.125,KPS,25.7,18.8,68,1014.0,8.0,25,0.0
5,5,2023-01-06,59.791666666666664,KPS,25.4,18.0,65,1014.6,9.4,34,0.0
6,6,2023-01-07,57.5,KPS,24.5,16.0,60,1014.2,8.1,35,0.0
7,7,2023-01-08,100.375,KPS,25.3,16.9,61,1013.0,6.1,28,0.0
8,8,2023-01-09,82.25,KPS,26.5,18.3,62,1013.0,6.2,13,0.0
9,9,2023-01-10,80.91666666666667,KPS,27.2,20.6,68,1011.5,4.8,44,0.0
10,10,2023-01-11,124.41666666666667,KPS,25.7,22.4,83,1011.0,4.4,73,1.4
11,11,2023-01-12,130.79166666666666,KPS,26.6,21.7,77,1010.2,3.7,90,0.1
12,12,2023-01-13,148.16666666666666,KPS,27.5,22.3,76,1010.6,3.8,171,0.0
13,13,2023-01-14,90.79166666666667,KPS,27.6,20.9,71,1009.3,5.5,228,0.0
14,14,2023-01-15,78.91666666666667,KPS,26.3,19.3,69,1008.6,5.0,260,0.0
15,15,2023-01-16,96.45833333333333,KPS,25.7,18.5,68,1010.5,5.2,186,0.0
16,16,2023-01-17,133.33333333333334,KPS,26.1,19.8,72,1011.9,3.6,113,0.0
17,17,2023-01-18,159.41666666666666,KPS,26.1,19.5,70,1013.7,5.8,57,0.0
18,18,2023-01-19,103.58333333333333,KPS,25.1,17.2,64,1013.5,6.2,24,0.0
19,19,2023-01-20,86.16666666666667,KPS,25.0,17.2,64,1013.2,6.7,22,0.0
20,20,2023-01-21,82.95833333333333,KPS,24.8,17.1,65,1012.2,6.3,13,0.0
21,21,2023-01-22,87.58333333333333,KPS,24.3,16.0,64,1011.0,5.5,4,0.0
22,22,2023-01-23,92.45833333333333,KPS,25.3,16.2,61,1010.0,4.7,356,0.0
23,23,2023-01-24,97.04166666666667,KPS,25.7,16.9,60,1010.8,7.1,31,0.0
24,24,2023-01-25,73.375,KPS,23.3,14.4,58,1013.0,8.4,14,0.0
25,25,2023-01-26,88.875,KPS,23.9,16.0,64,1011.6,4.0,12,0.0
26,26,2023-01-27,95.625,KPS,25.3,17.0,63,1011.1,6.1,27,0.0
27,27,2023-01-28,84.58333333333333,KPS,23.6,15.4,62,1012.1,8.9,26,0.0
28,28,2023-01-29,86.04166666666667,KPS,21.8,12.7,58,1013.7,9.6,28,0.0
29,29,2023-01-30,76.875,KPS,21.0,10.3,53,1014.7,8.7,16,0.0
30,30,2023-01-31,101.66666666666667,KPS,23.2,13.2,56,1012.0,4.9,16,0.0
31,31,2023-02-01,132.66666666666666,KPS,24.8,15.9,61,1009.9,3.1,243,0.0
32,32,2023-02-02,168.04166666666666,KPS,26.7,18.3,63,1009.7,3.6,35,0.0
33,33,2023-02-03,166.875,KPS,27.8,21.0,68,1009.9,4.9,126,0.0
34,34,2023-02-04,163.95833333333334,KPS,27.2,23.1,80,1009.5,5.0,154,3.8
35,35,2023-02-05,149.33333333333334,KPS,28.0,22.5,75,1009.5,2.8,140,0.0
36,36,2023-02-06,117.16666666666667,KPS,28.4,22.9,75,1009.4,3.9,167,0.2
37,37,2023-02-07,103.70833333333333,KPS,28.0,22.8,75,1009.6,5.6,166,0.1
38,38,2023-02-08,86.625,KPS,28.5,22.5,74,1009.3,5.9,164,0.0
39,39,2023-02-09,75.75,KPS,28.1,22.7,75,1009.2,7.4,163,0.1
40,40,2023-02-10,69.75,KPS,28.3,23.2,77,1009.7,6.4,166,0.0
41,41,2023-02-11,69.5,KPS,28.6,22.8,74,1009.7,6.9,166,0.0
42,42,2023-02-12,68.625,KPS,29.0,22.1,70,1009.9,5.9,172,0.0
43,43,2023-02-13,71.5,KPS,29.0,22.8,72,1009.7,5.9,165,0.0
44,44,2023-02-14,81.25,KPS,29.2,22.5,71,1009.5,4.8,165,0.0
45,45,2023-02-15,102.41666666666667,KPS,25.3,23.9,92,1011.3,5.1,114,25.1
46,46,2023-02-16,136.08333333333334,KPS,25.2,22.7,87,1013.3,3.9,25,8.6
47,47,2023-02-17,97.375,KPS,25.8,21.0,76,1013.2,6.2,19,0.2
48,48,2023-02-18,83.0,KPS,26.5,19.5,67,1012.6,5.2,6,0.0
49,49,2023-02-19,97.29166666666667,KPS,27.1,19.7,66,1011.4,4.4,6,0.0
50,50,2023-02-20,121.91666666666667,KPS,27.0,21.0,70,1011.4,4.4,48,0.0
51,51,2023-02-21,131.20833333333334,KPS,27.0,20.6,70,1012.5,4.5,39,0.0
52,52,2023-02-22,154.66666666666666,KPS,26.9,19.7,68,1012.4,4.6,57,0.0
53,53,2023-02-23,157.33333333333334,KPS,26.6,19.4,67,1011.4,4.0,44,0.0
54,54,2023-02-24,150.45833333333334,KPS,27.3,19.2,65,1010.9,4.7,30,0.0
55,55,2023-02-25,124.25,KPS,26.2,18.6,65,1014.2,6.2,41,0.0
56,56,2023-02-26,90.45833333333333,KPS,24.9,15.7,58,1017.3,10.1,34,0.0
57,57,2023-02-27,75.79166666666667,KPS,24.1,15.8,61,1017.2,7.6,22,0.0
58,58,2023-02-28,86.45833333333333,KPS,25.4,16.6,61,1015.6,6.2,15,0.0
59,59,2023-03-01,94.375,KPS,27.4,18.1,60,1014.1,5.1,20,0.0
60,60,2023-03-02,125.58333333333333,KPS,27.8,18.5,60,1013.8,6.5,23,0.0
61,61,2023-03-03,108.0,KPS,26.8,17.8,61,1015.3,4.9,15,0.0
62,62,2023-03-04,148.20833333333334,KPS,26.2,18.4,65,1016.0,4.7,26,0.0
63,63,2023-03-05,142.29166666666666,KPS,26.2,18.7,66,1015.5,4.8,21,0.0
64,64,2023-03-06,154.04166666666666,KPS,26.5,18.8,66,1014.3,4.5,33,0.0
65,65,2023-03-07,155.5,KPS,26.8,19.5,67,1013.4,3.6,90,0.0
66,66,2023-03-08,174.0,KPS,27.3,20.2,68,1012.9,4.2,127,0.0
67,67,2023-03-09,182.66666666666666,KPS,27.8,21.0,69,1011.7,5.4,136,0.0
68,68,2023-03-10,164.08333333333334,KPS,27.9,23.3,77,1011.3,4.8,154,0.3
69,69,2023-03-11,155.95833333333334,KPS,28.7,22.9,74,1011.0,5.8,154,0.0
70,70,2023-03-12,125.75,KPS,28.9,23.6,75,1011.0,5.9,148,0.1
71,71,2023-03-13,125.70833333333333,KPS,26.0,23.1,85,1012.3,5.3,22,11.7
72,72,2023-03-14,124.75,KPS,26.7,20.7,72,1010.9,6.1,23,0.0
73,73,2023-03-15,128.29166666666666,KPS,27.5,21.4,71,1010.3,4.8,150,0.0
74,74,2023-03-16,122.20833333333333,KPS,27.8,22.6,76,1011.4,6.0,157,0.4
75,75,2023-03-17,89.95833333333333,KPS,28.4,22.5,73,1010.9,6.7,157,0.1
76,76,2023-03-18,87.08333333333333,KPS,28.7,22.6,73,1009.7,6.3,161,0.0
77,77,2023-03-19,82.79166666666667,KPS,28.6,23.0,74,1009.1,6.9,164,0.1
78,78,2023-03-20,85.25,KPS,29.7,23.1,72,1008.4,5.6,180,0.0
79,79,2023-03-21,82.33333333333333,KPS,29.8,23.9,73,1007.9,6.8,168,0.0
80,80,2023-03-22,76.66666666666667,KPS,30.6,23.5,71,1006.7,6.3,178,0.0
81,81,2023-03-23,71.66666666666667,KPS,30.6,23.4,70,1006.7,7.5,178,0.0
82,82,2023-03-24,71.41666666666667,KPS,30.7,22.6,67,1007.4,6.5,185,0.0
83,83,2023-03-25,72.45833333333333,KPS,30.8,24.1,72,1007.8,8.0,175,0.0
84,84,2023-03-26,73.0,KPS,30.8,23.6,70,1007.3,7.2,176,0.0
85,85,2023-03-27,69.375,KPS,30.3,24.4,74,1007.6,7.8,164,0.0
86,86,2023-03-28,63.416666666666664,KPS,29.8,23.7,72,1009.0,9.4,163,0.0
87,87,2023-03-29,59.75,KPS,30.1,22.3,67,1009.8,5.8,176,0.0
88,88,2023-03-30,65.375,KPS,30.3,24.0,72,1008.1,6.5,169,0.0
89,89,2023-03-31,79.58333333333333,KPS,30.7,22.4,67,1007.8,7.5,180,0.0
90,90,2023-04-01,83.25,KPS,30.5,24.1,72,1007.7,7.8,164,0.0
91,91,2023-04-02,87.95833333333333,KPS,30.0,24.4,75,1007.4,6.5,196,5.2
92,92,2023-04-03,87.70833333333333,KPS,30.2,21.3,64,1007.0,6.1,208,0.0
93,93,2023-04-04,82.29166666666667,KPS,30.5,20.8,60,1006.5,6.1,209,0.0
94,94,2023-04-05,74.79166666666667,KPS,30.4,19.5,58,1006.8,6.3,226,0.0
95,95,2023-04-06,75.75,KPS,31.2,21.9,62,1007.4,5.3,196,0.0
96,96,2023-04-07,108.08333333333333,KPS,30.3,24.2,71,1009.1,6.6,169,0.3
97,97,2023-04-08,110.83333333333333,KPS,30.7,24.3,72,1010.9,6.2,166,0.0
98,98,2023-04-09,85.66666666666667,KPS,30.4,24.6,73,1011.1,4.4,171,2.3
99,99,2023-04-10,69.25,KPS,31.2,23.7,68,1009.3,5.9,171,0.0
100,100,2023-04-11,65.25,KPS,32.0,24.1,68,1008.1,7.2,186,0.0
101,101,2023-04-12,90.45833333333333,KPS,32.2,24.8,69,1007.1,7.2,179,0.0
102,102,2023-04-13,120.70833333333333,KPS,32.1,22.8,64,1007.1,7.7,199,0.0
103,103,2023-04-14,120.45833333333333,KPS,32.0,23.6,65,1006.8,6.5,192,0.0
104,104,2023-04-15,114.79166666666667,KPS,32.2,24.2,66,1006.2,6.7,201,0.0
105,105,2023-04-16,112.20833333333333,KPS,31.1,24.8,70,1006.7,6.8,199,0.5
106,106,2023-04-17,147.45833333333334,KPS,31.0,24.5,71,1007.7,6.1,203,0.1
107,107,2023-04-18,103.83333333333333,KPS,31.8,24.5,68,1007.8,7.1,186,0.2
108,108,2023-04-19,100.625,KPS,32.1,24.6,68,1005.4,7.6,213,0.0
109,109,2023-04-20,77.16666666666667,KPS,32.2,22.5,61,1003.7,8.0,228,0.0
110,110,2023-04-21,77.41666666666667,KPS,32.1,22.6,61,1004.0,6.9,217,0.0
111,111,2023-04-22,95.58333333333333,KPS,31.9,23.3,64,1004.6,6.7,185,0.0
112,112,2023-04-23,87.70833333333333,KPS,31.5,24.6,70,1006.7,7.4,163,0.0
113,113,2023-04-24,67.04166666666667,KPS,31.6,23.8,67,1008.8,4.5,144,0.3
114,114,2023-04-25,140.125,KPS,31.3,23.8,67,1007.5,3.6,168,4.2
115,115,2023-04-26,108.70833333333333,KPS,28.0,24.9,84,1008.4,4.4,104,17.2
116,116,2023-04-27,163.16666666666666,KPS,30.0,23.7,72,1008.7,3.8,163,0.0
117,117,2023-04-28,174.91666666666666,KPS,31.1,23.5,66,1008.3,4.2,181,2.7
118,118,2023-04-29,128.875,KPS,31.0,23.8,68,1007.0,4.8,188,8.6
119,119,2023-04-30,103.20833333333333,KPS,29.5,25.2,78,1007.5,5.3,132,8.6
120,120,2023-05-01,142.91666666666666,KPS,30.3,24.0,72,1008.1,4.6,128,0.1
121,121,2023-05-02,136.875,KPS,31.3,24.4,69,1008.6,5.2,144,0.7
122,122,2023-05-03,92.79166666666667,KPS,31.6,24.0,67,1009.1,5.2,174,0.0
123,123,2023-05-04,76.54166666666667,KPS,31.9,24.3,67,1007.2,6.6,182,0.0
124,124,2023-05-05,64.91666666666667,KPS,32.8,23.9,63,1004.6,6.8,233,0.0
125,125,2023-05-06,57.375,KPS,33.4,23.4,59,1003.1,7.3,239,0.0
126,126,2023-05-07,52.666666666666664,KPS,33.7,23.7,59,1002.9,8.0,230,0.0
127,127,2023-05-08,58.791666666666664,KPS,32.8,24.6,64,1004.3,5.6,198,0.9
128,128,2023-05-09,99.41666666666667,KPS,30.7,25.4,74,1006.5,5.0,128,4.6
129,129,2023-05-10,90.0,KPS,29.6,25.4,79,1007.9,4.4,135,3.7
130,130,2023-05-11,142.25,KPS,30.4,24.9,74,1008.5,3.8,157,0.9
131,131,2023-05-12,102.95833333333333,KPS,29.8,25.5,79,1008.7,3.6,186,30.7
132,132,2023-05-13,81.54166666666667,KPS,29.7,25.0,78,1008.8,6.3,140,4.9
133,133,2023-05-14,65.95833333333333,KPS,30.7,24.3,71,1008.2,7.4,186,0.9
134,134,2023-05-15,60.916666666666664,KPS,30.5,24.5,73,1009.0,5.0,202,0.6
135,135,2023-05-16,73.875,KPS,30.4,23.2,68,1009.7,5.3,234,0.2
136,136,2023-05-17,71.375,KPS,31.1,22.6,63,1009.7,6.5,252,0.0
137,137,2023-05-18,58.833333333333336,KPS,31.7,22.3,60,1008.7,9.8,270,0.0
138,138,2023-05-19,48.916666666666664,KPS,31.5,21.9,59,1006.8,9.0,271,0.3
139,139,2023-05-20,47.916666666666664,KPS,32.0,21.8,57,1006.2,7.5,262,0.0
140,140,2023-05-21,52.333333333333336,KPS,31.8,22.9,62,1007.0,6.8,237,0.2
141,141,2023-05-22,60.25,KPS,30.7,24.4,71,1008.0,6.9,237,4.8
142,142,2023-05-23,69.83333333333333,KPS,29.9,24.7,75,1008.1,6.2,236,3.0
143,143,2023-05-24,58.916666666666664,KPS,29.6,24.5,75,1007.6,5.6,226,7.0
144,144,2023-05-25,53.5,KPS,30.7,23.8,69,1007.7,6.6,230,0.0
145,145,2023-05-26,59.333333333333336,KPS,31.0,22.8,64,1007.6,5.8,262,0.2
146,146,2023-05-27,55.5,KPS,31.0,23.3,65,1005.9,7.1,257,2.1
147,147,2023-05-28,69.75,KPS,30.4,23.8,69,1005.4,6.6,240,19.7
148,148,2023-05-29,96.5,KPS,28.5,25.2,83,1006.5,4.7,262,25.8
149,149,2023-05-30,75.625,KPS,28.2,25.1,84,1006.7,4.4,226,29.1
150,150,2023-05-31,70.16666666666667,KPS,30.1,24.5,74,1005.6,7.0,235,8.5
151,151,2023-06-01,56.625,KPS,31.4,22.3,60,1005.0,7.9,248,0.0
152,152,2023-06-02,48.0,KPS,31.1,23.1,64,1005.8,7.3,238,0.3
153,153,2023-06-03,47.708333333333336,KPS,30.3,23.6,69,1006.8,6.4,220,2.4
154,154,2023-06-04,40.75,KPS,30.9,22.8,64,1006.5,7.0,217,0.1
155,155,2023-06-05,35.0,KPS,30.3,22.9,66,1005.6,7.6,220,1.3
156,156,2023-06-06,32.0,KPS,29.2,23.4,71,1005.1,5.8,215,8.2
157,157,2023-06-07,40.25,KPS,29.4,23.0,69,1006.0,6.5,209,1.7
158,158,2023-06-08,33.25,KPS,28.7,23.1,73,1006.8,6.2,211,0.0
159,159,2023-06-09,30.083333333333332,KPS,28.4,23.5,76,1006.1,6.9,206,0.0
160,160,2023-06-10,37.458333333333336,KPS,28.8,23.2,73,1005.2,6.8,217,0.0
161,161,2023-06-11,36.041666666666664,KPS,29.1,22.7,70,1004.8,7.8,218,0.0
162,162,2023-06-12,33.291666666666664,KPS,29.5,22.8,68,1005.1,7.8,213,0.8
163,163,2023-06-13,29.666666666666668,KPS,29.6,23.1,70,1006.0,9.1,216,0.2
164,164,2023-06-14,25.666666666666668,KPS,28.1,23.9,78,1007.7,7.7,200,0.1
165,165,2023-06-15,34.916666666666664,KPS,28.4,23.7,76,1007.4,7.1,214,0.1
166,166,2023-06-16,36.25,KPS,29.6,24.0,73,1006.3,6.6,209,4.8
167,167,2023-06-17,45.375,KPS,29.7,23.9,72,1007.0,5.8,210,5.7
168,168,2023-06-18,38.291666666666664,KPS,29.0,23.9,75,1007.7,6.1,211,3.5
169,169,2023-06-19,40.416666666666664,KPS,28.4,24.1,79,1007.4,5.4,210,3.5
170,170,2023-06-20,47.666666666666664,KPS,29.3,23.9,74,1007.3,5.4,214,4.2
171,171,2023-06-21,59.458333333333336,KPS,29.5,24.0,73,1008.1,5.1,226,1.8
172,172,2023-06-22,64.41666666666667,KPS,30.4,23.2,67,1008.1,5.9,239,1.7
173,173,2023-06-23,53.958333333333336,KPS,31.1,23.2,65,1006.7,7.0,259,0.9
174,174,2023-06-24,33.875,KPS,30.8,22.3,62,1006.2,9.3,273,0.1
175,175,2023-06-25,29.25,KPS,29.5,22.2,65,1006.4,7.8,275,0.9
176,176,2023-06-26,40.666666666666664,KPS,28.7,22.0,67,1007.0,7.7,272,0.2
177,177,2023-06-27,40.375,KPS,30.1,21.7,62,1007.0,6.7,257,0.0
178,178,2023-06-28,44.25,KPS,30.2,23.5,70,1007.3,5.5,234,8.8
179,179,2023-06-29,49.916666666666664,KPS,30.5,23.9,71,1006.5,5.6,227,7.8
180,180,2023-06-30,41.375,KPS,29.9,25.1,77,1005.8,6.6,221,6.0
181,181,2023-07-01,38.125,KPS,30.1,24.9,75,1006.0,6.7,192,3.3
182,182,2023-07-02,39.083333333333336,KPS,29.7,24.8,76,1006.9,7.1,192,6.1
183,183,2023-07-03,22.791666666666668,KPS,28.9,23.0,71,1008.3,7.0,230,0.2
184,184,2023-07-04,28.333333333333332,KPS,28.7,22.8,71,1008.6,5.0,247,0.7
185,185,2023-07-05,43.958333333333336,KPS,28.4,23.3,75,1008.4,4.4,220,2.1
186,186,2023-07-06,47.666666666666664,KPS,29.3,23.5,73,1008.7,5.0,229,8.1
187,187,2023-07-07,39.291666666666664,KPS,30.0,24.1,73,1008.1,5.7,244,18.3
188,188,2023-07-08,40.041666666666664,KPS,29.6,25.0,77,1007.7,5.0,208,19.9
189,189,2023-07-09,59.625,KPS,29.1,25.4,82,1007.5,4.6,155,10.1
190,190,2023-07-10,51.75,KPS,27.7,25.0,86,1007.9,4.8,167,17.9
191,191,2023-07-11,44.625,KPS,28.8,24.8,81,1008.2,4.6,191,6.0
192,192,2023-07-12,45.75,KPS,29.8,24.4,75,1008.3,5.1,230,0.4
193,193,2023-07-13,39.333333333333336,KPS,30.4,23.4,68,1008.0,7.7,261,1.0
194,194,2023-07-14,26.291666666666668,KPS,29.6,23.2,70,1008.0,8.5,270,1.5
195,195,2023-07-15,32.333333333333336,KPS,29.9,22.2,65,1006.6,9.4,267,0.0
196,196,2023-07-16,27.5,KPS,29.3,22.5,68,1005.1,9.6,266,0.0
197,197,2023-07-17,8.708333333333334,KPS,28.8,22.7,70,1003.9,10.5,252,0.0
198,198,2023-07-18,6.416666666666667,KPS,28.6,22.1,69,1004.3,10.6,254,0.1
199,199,2023-07-19,8.833333333333334,KPS,28.5,22.1,69,1004.5,10.1,257,0.0
200,200,2023-07-20,16.583333333333332,KPS,28.8,22.9,71,1005.3,6.6,253,0.8
201,201,2023-07-21,23.625,KPS,29.1,23.4,73,1006.5,6.3,255,0.8
202,202,2023-07-22,35.333333333333336,KPS,28.4,24.2,79,1007.8,5.2,265,16.4
203,203,2023-07-23,35.5,KPS,27.8,25.3,87,1007.9,3.9,194,21.7
204,204,2023-07-24,43.583333333333336,KPS,28.4,23.4,76,1006.8,5.6,228,1.2
205,205,2023-07-25,31.791666666666668,KPS,28.9,22.3,69,1007.2,8.0,254,0.4
206,206,2023-07-26,27.458333333333332,KPS,29.8,21.9,64,1007.5,9.0,269,0.0
207,207,2023-07-27,23.5,KPS,29.9,22.1,64,1006.5,11.5,273,0.2
208,208,2023-07-28,16.583333333333332,KPS,29.3,22.4,68,1004.9,10.8,268,0.2
209,209,2023-07-29,11.291666666666666,KPS,29.5,22.8,69,1004.6,9.2,253,0.2
210,210,2023-07-30,13.25,KPS,28.2,23.9,78,1004.9,6.2,216,0.4
211,211,2023-07-31,17.291666666666668,KPS,28.6,24.2,78,1006.1,6.3,196,0.4
212,212,2023-08-01,18.291666666666668,KPS,29.6,23.4,71,1006.6,7.3,217,0.4
213,213,2023-08-02,19.041666666666668,KPS,28.3,24.6,81,1007.3,4.7,201,2.0
214,214,2023-08-03,21.833333333333332,KPS,28.6,24.3,78,1007.2,5.4,223,2.1
215,215,2023-08-04,20.541666666666668,KPS,28.5,23.7,76,1009.3,7.1,240,0.2
216,216,2023-08-05,23.416666666666668,KPS,28.9,23.2,73,1009.8,6.4,229,0.4
217,217,2023-08-06,17.458333333333332,KPS,28.8,23.3,73,1008.2,6.4,239,1.3
218,218,2023-08-07,14.833333333333334,KPS,28.2,23.3,75,1007.1,5.7,229,0.8
219,219,2023-08-08,15.5,KPS,29.0,23.0,71,1007.7,6.5,227,0.9
220,220,2023-08-09,17.166666666666668,KPS,28.7,23.4,74,1009.0,5.3,243,1.5
221,221,2023-08-10,18.375,KPS,28.8,23.4,74,1008.6,6.3,227,2.1
222,222,2023-08-11,23.958333333333332,KPS,29.1,23.6,74,1007.3,6.2,230,2.8
223,223,2023-08-12,25.583333333333332,KPS,29.1,23.5,73,1006.6,6.5,238,4.2
224,224,2023-08-13,22.5,KPS,29.1,23.6,74,1006.4,6.6,225,1.6
225,225,2023-08-14,26.583333333333332,KPS,29.3,23.4,72,1006.5,6.9,230,2.3
226,226,2023-08-15,22.291666666666668,KPS,28.9,23.6,74,1007.0,6.2,219,1.6
227,227,2023-08-16,19.333333333333332,KPS,28.0,22.6,73,1007.6,7.1,233,0.0
228,228,2023-08-17,26.291666666666668,KPS,28.3,23.1,75,1007.7,6.0,230,5.1
229,229,2023-08-18,29.333333333333332,KPS,29.6,22.2,67,1006.9,7.9,267,0.2
230,230,2023-08-19,42.916666666666664,KPS,30.4,22.5,65,1006.0,7.9,272,1.9
231,231,2023-08-20,37.208333333333336,KPS,29.8,23.7,71,1005.3,7.3,243,6.6
232,232,2023-08-21,47.5,KPS,28.9,24.5,79,1006.3,5.7,192,17.0
233,233,2023-08-22,46.833333333333336,KPS,28.6,24.5,80,1007.3,5.4,225,4.0
234,234,2023-08-23,27.041666666666668,KPS,28.7,24.1,77,1007.2,6.1,239,6.7
235,235,2023-08-24,26.083333333333332,KPS,28.2,23.6,77,1007.2,6.5,237,0.7
236,236,2023-08-25,23.541666666666668,KPS,28.3,23.3,76,1007.7,6.5,243,0.2
237,237,2023-08-26,25.583333333333332,KPS,28.0,23.6,78,1007.9,6.6,250,0.8
238,238,2023-08-27,17.791666666666668,KPS,28.4,22.8,72,1007.0,7.8,259,0.0
239,239,2023-08-28,22.708333333333332,KPS,29.8,22.1,64,1005.4,7.8,255,0.3
240,240,2023-08-29,20.625,KPS,29.2,23.1,71,1005.0,5.8,213,1.5
241,241,2023-08-30,24.125,KPS,29.0,24.2,76,1005.9,5.6,195,8.9
242,242,2023-08-31,53.958333333333336,KPS,29.2,24.2,76,1006.5,5.8,236,5.9
243,243,2023-09-01,55.0,KPS,28.5,24.5,80,1006.4,6.0,230,2.2
244,244,2023-09-02,45.291666666666664,KPS,28.6,23.6,75,1005.0,6.7,251,4.0
245,245,2023-09-03,30.208333333333332,KPS,29.3,24.3,76,1003.5,5.5,219,9.5
246,246,2023-09-04,32.541666666666664,KPS,29.1,24.1,76,1003.2,6.1,218,1.3
247,247,2023-09-05,21.708333333333332,KPS,28.4,23.1,74,1005.6,7.2,236,4.2
248,248,2023-09-06,19.916666666666668,KPS,28.4,23.1,74,1008.0,7.1,250,2.0
249,249,2023-09-07,41.333333333333336,KPS,28.3,23.7,76,1008.3,5.3,257,6.9
250,250,2023-09-08,26.0,KPS,29.4,22.5,67,1007.9,7.8,264,0.7
251,251,2023-09-09,15.75,KPS,29.4,23.2,70,1006.1,7.4,251,3.3
252,252,2023-09-10,20.125,KPS,28.6,23.2,73,1005.9,6.8,220,0.7
253,253,2023-09-11,18.083333333333332,KPS,27.0,23.6,82,1007.2,7.6,195,4.1
254,254,2023-09-12,17.958333333333332,KPS,28.1,23.0,75,1008.1,7.4,209,0.4
255,255,2023-09-13,19.416666666666668,KPS,27.8,23.3,77,1008.8,5.2,226,0.6
256,256,2023-09-14,35.458333333333336,KPS,28.3,23.4,76,1008.1,6.2,243,0.5
257,257,2023-09-15,17.125,KPS,27.4,23.5,80,1007.0,6.0,239,2.4
258,258,2023-09-16,12.791666666666666,KPS,27.9,23.2,77,1006.6,5.5,227,2.8
259,259,2023-09-17,24.791666666666668,KPS,28.2,24.8,83,1006.7,4.9,191,13.2
260,260,2023-09-18,36.916666666666664,KPS,28.0,25.3,86,1008.6,4.8,179,17.9
261,261,2023-09-19,47.541666666666664,KPS,28.6,24.5,80,1010.2,2.6,312,0.0
262,262,2023-09-20,38.791666666666664,KPS,29.2,24.7,78,1009.3,4.0,309,17.3
263,263,2023-09-21,41.083333333333336,KPS,29.1,24.7,78,1009.0,3.9,291,9.4
264,264,2023-09-22,67.16666666666667,KPS,28.3,24.4,81,1008.7,3.6,125,9.8
265,265,2023-09-23,138.83333333333334,KPS,28.4,25.0,83,1008.3,3.6,131,22.0
266,266,2023-09-24,137.20833333333334,KPS,28.7,24.9,81,1007.2,4.0,197,3.7
267,267,2023-09-25,66.5,KPS,29.6,25.0,78,1005.7,3.3,197,12.5
268,268,2023-09-26,50.916666666666664,KPS,28.5,25.5,85,1005.5,4.5,47,46.4
269,269,2023-09-27,33.5,KPS,27.5,25.1,87,1005.1,6.5,208,26.6
270,270,2023-09-28,32.0,KPS,27.3,25.1,88,1006.8,5.9,166,7.4
271,271,2023-09-29,18.083333333333332,KPS,27.9,24.3,82,1009.7,5.7,191,5.4
272,272,2023-09-30,28.708333333333332,KPS,27.9,24.1,81,1010.6,4.3,220,1.4
273,273,2023-10-01,40.0,KPS,28.2,24.6,81,1009.2,4.8,241,4.1
274,274,2023-10-02,33.875,KPS,28.5,24.4,79,1009.6,5.8,253,4.4
275,275,2023-10-03,21.875,KPS,28.9,24.3,78,1009.5,5.9,253,4.8
276,276,2023-10-04,23.375,KPS,28.1,25.7,87,1009.0,3.8,262,12.0
277,277,2023-10-05,54.375,KPS,27.5,25.3,89,1007.7,3.6,105,29.2
278,278,2023-10-06,43.666666666666664,KPS,27.3,25.4,89,1007.8,4.1,196,30.5
279,279,2023-10-07,42.875,KPS,27.5,24.8,86,1009.0,4.4,193,16.7
280,280,2023-10-08,47.333333333333336,KPS,27.8,24.4,83,1010.6,5.0,230,4.9
281,281,2023-10-09,42.791666666666664,KPS,27.8,23.5,79,1010.7,4.4,235,4.9
282,282,2023-10-10,63.166666666666664,KPS,26.9,24.8,88,1010.6,4.0,28,12.1
283,283,2023-10-11,75.0,KPS,27.0,24.9,89,1011.1,3.3,44,33.9
284,284,2023-10-12,61.208333333333336,KPS,27.4,24.8,86,1012.3,3.9,351,16.6
285,285,2023-10-13,74.33333333333333,KPS,28.5,24.8,82,1011.7,4.4,1,16.5
286,286,2023-10-14,58.875,KPS,29.2,24.3,77,1009.9,5.2,337,2.7
287,287,2023-10-15,52.875,KPS,28.7,24.5,79,1008.6,4.5,341,11.6
288,288,2023-10-16,53.125,KPS,27.9,24.9,84,1009.7,5.1,320,4.5
289,289,2023-10-17,67.95833333333333,KPS,28.3,24.0,79,1010.5,2.8,326,4.6
290,290,2023-10-18,109.70833333333333,KPS,28.6,24.0,78,1010.8,3.9,254,0.3
291,291,2023-10-19,100.5,KPS,28.7,24.8,80,1010.8,3.0,211,0.1
292,292,2023-10-20,75.5,KPS,29.2,24.8,79,1010.4,3.3,111,0.8
293,293,2023-10-21,146.375,KPS,26.9,25.0,89,1012.1,4.6,345,17.0
294,294,2023-10-22,74.04166666666667,KPS,26.9,24.7,88,1013.1,4.3,8,20.0
295,295,2023-10-23,80.33333333333333,KPS,27.9,24.4,82,1012.4,2.8,323,9.4
296,296,2023-10-24,74.41666666666667,KPS,28.6,24.7,81,1011.2,5.3,354,4.4
297,297,2023-10-25,71.79166666666667,KPS,28.1,24.7,83,1011.4,5.0,354,13.7
298,298,2023-10-26,79.45833333333333,KPS,27.3,24.8,87,1010.9,3.3,321,25.7
299,299,2023-10-27,143.58333333333334,KPS,28.0,24.7,83,1010.6,4.1,62,5.4
300,300,2023-10-28,95.375,KPS,28.2,24.9,83,1010.4,3.6,5,14.0
301,301,2023-10-29,65.70833333333333,KPS,27.3,24.6,85,1010.5,5.3,23,21.9
302,302,2023-10-30,78.0,KPS,26.2,24.0,88,1011.1,6.1,358,36.8
303,303,2023-10-31,48.833333333333336,KPS,27.3,24.1,83,1012.0,7.7,7,2.3
304,304,2023-11-01,52.625,KPS,28.2,23.3,77,1012.2,7.7,21,0.0
305,305,2023-11-02,70.25,KPS,28.8,23.8,76,1011.3,4.6,29,0.0
306,306,2023-11-03,76.04166666666667,KPS,29.1,24.1,76,1009.3,3.6,16,0.2
307,307,2023-11-04,117.5,KPS,28.5,25.2,83,1009.4,2.6,356,8.9
308,308,2023-11-05,163.04166666666666,KPS,28.1,25.1,85,1010.5,2.7,77,2.0
309,309,2023-11-06,163.54166666666666,KPS,28.8,25.4,83,1010.7,3.4,45,12.1
310,310,2023-11-07,109.08333333333333,KPS,27.3,24.8,87,1011.2,4.6,16,27.9
311,311,2023-11-08,78.5,KPS,28.2,24.3,81,1010.2,3.0,77,8.1
312,312,2023-11-09,96.5,KPS,27.4,24.5,85,1010.8,5.0,342,11.8
313,313,2023-11-10,86.125,KPS,28.1,25.5,86,1011.8,3.7,75,6.8
314,314,2023-11-11,87.54166666666667,KPS,27.9,25.6,88,1012.5,4.6,40,10.1
315,315,2023-11-12,75.95833333333333,KPS,27.7,25.2,87,1012.4,5.1,24,1.1
316,316,2023-11-13,60.25,KPS,27.8,24.8,84,1012.3,5.7,18,5.5
317,317,2023-11-14,57.958333333333336,KPS,27.7,24.5,84,1013.0,4.7,14,6.8
318,318,2023-11-15,61.75,KPS,27.9,23.4,77,1013.5,6.1,17,0.3
319,319,2023-11-16,61.583333333333336,KPS,28.0,23.7,78,1014.0,6.0,29,2.5
320,320,2023-11-17,56.958333333333336,KPS,25.8,19.8,70,1015.7,9.1,33,1.9
321,321,2023-11-18,53.791666666666664,KPS,24.6,15.7,60,1015.6,8.2,25,0.0
322,322,2023-11-19,55.583333333333336,KPS,23.6,16.7,67,1015.0,7.0,18,0.0
323,323,2023-11-20,60.375,KPS,24.0,18.1,71,1013.9,6.6,20,0.0
324,324,2023-11-21,62.083333333333336,KPS,25.4,19.2,71,1012.1,5.9,11,0.0
325,325,2023-11-22,67.25,KPS,26.4,20.6,73,1010.6,4.1,15,0.0
326,326,2023-11-23,69.25,KPS,26.7,20.6,71,1010.3,4.5,24,0.0
327,327,2023-11-24,65.54166666666667,KPS,26.8,20.6,70,1011.2,7.1,24,0.0
328,328,2023-11-25,56.416666666666664,KPS,26.6,19.5,67,1012.0,7.9,27,0.0
329,329,2023-11-26,65.16666666666667,KPS,27.4,21.5,72,1012.3,6.8,21,0.0
330,330,2023-11-27,54.791666666666664,KPS,27.3,21.6,72,1012.0,7.1,37,0.2
331,331,2023-11-28,58.041666666666664,KPS,26.2,19.1,68,1011.5,7.1,32,0.0
332,332,2023-11-29,71.625,KPS,24.7,19.7,74,1011.9,6.0,356,0.0
333,333,2023-11-30,72.58333333333333,KPS,27.1,21.4,73,1011.9,5.9,21,0.0
334,334,2023-12-01,60.916666666666664,KPS,27.7,22.8,76,1011.2,7.1,18,2.9
335,335,2023-12-02,52.041666666666664,KPS,27.5,23.7,80,1011.8,4.7,13,3.7
336,336,2023-12-03,47.958333333333336,KPS,27.6,23.0,77,1011.9,6.5,16,1.1
337,337,2023-12-04,52.916666666666664,KPS,27.1,23.7,82,1011.5,4.2,9,0.5
338,338,2023-12-05,68.41666666666667,KPS,27.8,24.0,81,1011.0,3.0,350,5.0
339,339,2023-12-06,112.54166666666667,KPS,28.5,24.1,79,1011.3,3.9,19,1.5
340,340,2023-12-07,100.20833333333333,KPS,27.5,24.0,82,1011.9,4.6,14,3.6
341,341,2023-12-08,91.70833333333333,KPS,27.7,23.5,79,1011.7,2.4,341,0.0
342,342,2023-12-09,128.41666666666666,KPS,27.6,23.6,80,1010.6,2.6,322,0.0
343,343,2023-12-10,145.125,KPS,27.8,23.2,78,1009.1,3.7,194,0.0
344,344,2023-12-11,142.375,KPS,28.1,22.9,75,1009.8,2.4,180,0.0
345,345,2023-12-12,156.29166666666666,KPS,28.4,23.1,75,1009.8,4.4,155,0.0
346,346,2023-12-13,135.0,KPS,27.7,23.6,79,1011.4,3.0,109,1.1
347,347,2023-12-14,91.16666666666667,KPS,28.0,23.2,77,1012.1,3.4,20,0.0
348,348,2023-12-15,99.70833333333333,KPS,28.1,23.5,77,1011.5,4.3,319,0.4
349,349,2023-12-16,88.25,KPS,28.1,23.8,79,1011.0,4.7,344,0.3
350,350,2023-12-17,84.375,KPS,28.3,23.1,75,1011.7,5.3,70,0.3
351,351,2023-12-18,63.375,KPS,27.8,21.4,70,1012.8,5.9,18,0.0
352,352,2023-12-19,64.08333333333333,KPS,28.0,21.0,68,1012.8,5.8,26,0.0
353,353,2023-12-20,57.125,KPS,28.2,21.2,68,1012.3,5.1,22,0.0
354,354,2023-12-21,52.875,KPS,26.1,18.8,66,1013.4,7.2,18,0.0
355,355,2023-12-22,52.25,KPS,23.0,14.2,59,1016.5,9.9,29,0.0
356,356,2023-12-23,55.458333333333336,KPS,22.2,12.5,55,1017.9,11.1,22,0.0
357,357,2023-12-24,59.875,KPS,23.0,13.1,54,1018.3,10.2,22,0.0
358,358,2023-12-25,65.33333333333333,KPS,23.5,13.0,52,1017.4,9.7,27,0.0
359,359,2023-12-26,70.125,KPS,24.4,15.2,58,1016.9,5.8,27,0.0
360,360,2023-12-27,62.541666666666664,KPS,25.3,17.2,63,1016.3,7.2,21,0.0
361,361,2023-12-28,54.458333333333336,KPS,26.3,16.7,57,1014.6,7.1,24,0.0
362,362,2023-12-29,54.375,KPS,26.6,17.4,59,1013.3,6.8,13,0.0
363,363,2023-12-30,59.625,KPS,27.7,18.6,59,1012.0,4.9,13,0.0
364,364,2023-12-31,58.166666666666664,KPS,28.6,20.1,62,1011.4,4.1,19,0.0
365,365,2024-01-01,53.708333333333336,KPS,28.9,20.0,61,1011.1,4.2,10,0.0
366,366,2024-01-02,68.41666666666667,KPS,27.7,21.1,69,1011.2,3.4,9,0.0
367,367,2024-01-03,82.29166666666667,KPS,27.1,20.3,70,1011.4,4.2,13,0.0
368,368,2024-01-04,68.04166666666667,KPS,27.0,20.1,69,1011.9,3.9,32,0.0
369,369,2024-01-05,79.875,KPS,27.3,21.0,71,1012.2,3.2,29,0.0
370,370,2024-01-06,88.625,KPS,26.4,20.5,73,1012.5,3.7,32,0.0
371,371,2024-01-07,89.875,KPS,26.6,20.5,72,1012.8,3.6,17,0.0
372,372,2024-01-08,97.875,KPS,26.8,20.8,72,1012.2,3.4,57,0.0
373,373,2024-01-09,119.04166666666667,KPS,27.2,21.0,71,1011.3,3.4,188,0.0
374,374,2024-01-10,150.91666666666666,KPS,27.9,21.0,68,1010.0,4.6,172,0.0
375,375,2024-01-11,129.16666666666666,KPS,28.0,21.3,70,1010.7,4.7,167,0.0
376,376,2024-01-12,81.04166666666667,KPS,28.4,22.0,71,1010.2,5.2,156,0.0
377,377,2024-01-13,75.16666666666667,KPS,28.1,23.1,76,1010.5,4.7,133,0.7
378,378,2024-01-14,129.58333333333334,KPS,27.0,22.6,78,1012.3,5.2,12,3.0
379,379,2024-01-15,90.41666666666667,KPS,27.5,20.9,70,1012.2,5.6,27,0.0
380,380,2024-01-16,74.08333333333333,KPS,27.0,20.0,69,1011.8,4.7,29,0.0
381,381,2024-01-17,87.66666666666667,KPS,27.0,20.3,69,1011.7,4.7,45,0.0
382,382,2024-01-18,128.33333333333334,KPS,26.8,20.2,71,1011.4,3.8,51,0.0
383,383,2024-01-19,135.91666666666666,KPS,27.4,19.9,67,1010.7,3.5,196,0.0
384,384,2024-01-20,152.08333333333334,KPS,27.4,19.6,66,1010.7,4.1,165,0.0
385,385,2024-01-21,124.58333333333333,KPS,27.7,18.1,61,1011.6,4.0,206,0.0
386,386,2024-01-22,76.08333333333333,KPS,26.5,17.3,61,1012.2,5.1,3,0.0
387,387,2024-01-23,107.66666666666667,KPS,25.8,20.6,75,1013.1,5.2,48,0.2
388,388,2024-01-24,135.33333333333334,KPS,24.6,19.2,73,1015.3,8.2,4,0.2
389,389,2024-01-25,85.75,KPS,23.9,18.1,71,1017.0,8.3,4,0.4
390,390,2024-01-26,62.125,KPS,24.4,18.0,68,1017.4,6.8,6,0.2
391,391,2024-01-27,80.625,KPS,26.5,19.6,67,1015.8,5.7,10,0.0
392,392,2024-01-28,91.54166666666667,KPS,27.5,20.4,67,1015.2,5.2,100,0.0
393,393,2024-01-29,128.20833333333334,KPS,27.5,20.6,68,1015.0,4.8,46,0.0
394,394,2024-01-30,134.45833333333334,KPS,26.8,21.9,75,1014.4,4.1,33,0.1
395,395,2024-01-31,122.79166666666667,KPS,27.4,21.4,72,1014.0,3.7,158,0.0
396,396,2024-02-01,120.625,KPS,28.3,22.1,72,1013.5,5.1,162,0.0
397,397,2024-02-02,96.33333333333333,KPS,28.9,22.7,73,1012.4,6.2,170,0.0
398,398,2024-02-03,70.75,KPS,29.2,23.4,73,1012.3,5.7,166,0.1
399,399,2024-02-04,65.75,KPS,30.2,21.9,66,1012.7,4.5,203,0.0
400,400,2024-02-05,62.833333333333336,KPS,29.8,21.2,64,1012.6,3.8,199,0.0
401,401,2024-02-06,72.45833333333333,KPS,29.3,19.5,62,1013.0,4.1,191,0.0
402,402,2024-02-07,67.875,KPS,28.9,19.3,67,1011.9,4.2,188,0.0
403,403,2024-02-08,67.83333333333333,KPS,28.8,20.7,69,1010.5,5.0,178,0.0
404,404,2024-02-09,62.25,KPS,28.9,22.6,74,1012.0,6.8,158,0.0
405,405,2024-02-10,61.25,KPS,28.3,24.4,81,1014.5,6.6,117,1.0
406,406,2024-02-11,92.54166666666667,KPS,26.9,18.5,62,1017.3,6.6,21,0.0
407,407,2024-02-12,83.5,KPS,26.4,16.9,58,1016.7,5.9,35,0.0
408,408,2024-02-13,92.91666666666667,KPS,26.7,17.8,62,1015.0,4.3,24,0.0
409,409,2024-02-14,96.125,KPS,27.3,18.1,61,1013.2,3.8,344,0.0
410,410,2024-02-15,137.875,KPS,28.3,20.2,64,1012.8,4.0,120,0.0
411,411,2024-02-16,152.45833333333334,KPS,28.8,23.4,75,1012.4,5.6,137,0.1
412,412,2024-02-17,122.91666666666667,KPS,28.8,23.6,76,1011.1,7.9,157,0.1
413,413,2024-02-18,76.16666666666667,KPS,28.6,23.2,75,1011.6,6.3,168,0.3
414,414,2024-02-19,54.583333333333336,KPS,28.6,22.4,73,1011.4,7.2,167,0.0
415,415,2024-02-20,47.375,KPS,29.5,23.0,72,1010.3,7.4,180,0.0
416,416,2024-02-21,53.75,KPS,29.4,23.1,72,1010.1,7.5,178,0.0
417,417,2024-02-22,51.0,KPS,29.5,23.6,74,1010.9,6.4,168,0.0
418,418,2024-02-23,50.458333333333336,KPS,29.7,23.4,72,1011.4,6.2,167,0.0
419,419,2024-02-24,58.583333333333336,KPS,29.6,23.4,72,1011.6,6.3,157,0.1
420,420,2024-02-25,69.58333333333333,KPS,30.2,22.6,68,1011.2,6.4,155,0.3
421,421,2024-02-26,81.08333333333333,KPS,29.7,24.0,73,1011.3,5.7,121,0.8
422,422,2024-02-27,104.75,KPS,30.0,22.3,66,1010.8,6.2,157,0.0
423,423,2024-02-28,98.75,KPS,29.6,22.1,67,1009.6,5.9,160,0.0
424,424,2024-02-29,72.04166666666667,KPS,29.8,23.2,70,1010.0,6.5,159,0.1
425,425,2024-03-01,68.58333333333333,KPS,30.1,23.1,69,1010.5,5.9,163,0.1
426,426,2024-03-02,83.125,KPS,30.0,23.7,71,1010.7,7.0,145,0.2
427,427,2024-03-03,93.33333333333333,KPS,30.5,23.5,69,1010.2,6.4,140,0.2
428,428,2024-03-04,91.91666666666667,KPS,31.2,22.9,66,1009.1,6.2,189,0.0
429,429,2024-03-05,57.416666666666664,KPS,31.4,20.5,62,1008.4,6.1,204,0.0
430,430,2024-03-06,62.541666666666664,KPS,30.7,22.0,66,1007.3,6.0,176,0.0
431,431,2024-03-07,74.33333333333333,KPS,30.6,22.8,68,1007.2,5.9,166,0.0
432,432,2024-03-08,90.16666666666667,KPS,30.2,23.8,72,1008.0,8.2,164,0.0
433,433,2024-03-09,71.16666666666667,KPS,30.7,23.8,69,1009.4,7.9,164,0.0
434,434,2024-03-10,61.0,KPS,30.9,23.6,69,1011.2,7.3,167,0.0
435,435,2024-03-11,75.375,KPS,30.7,24.2,71,1012.0,7.7,157,0.0
436,436,2024-03-12,86.83333333333333,KPS,30.1,24.9,75,1011.8,6.3,162,0.8
437,437,2024-03-13,84.375,KPS,30.7,22.3,66,1011.1,6.6,199,0.0
438,438,2024-03-14,64.29166666666667,KPS,31.3,20.8,60,1010.5,6.2,214,0.0
439,439,2024-03-15,60.833333333333336,KPS,31.0,23.4,68,1010.2,7.2,166,0.0
440,440,2024-03-16,64.83333333333333,KPS,29.9,24.4,74,1011.4,7.5,156,0.1
441,441,2024-03-17,63.583333333333336,KPS,30.5,22.7,67,1011.0,7.1,164,0.0
442,442,2024-03-18,63.375,KPS,30.1,22.5,68,1009.8,6.7,164,0.0
443,443,2024-03-19,66.83333333333333,KPS,30.2,24.2,73,1010.4,7.9,160,0.2
444,444,2024-03-20,83.125,KPS,26.9,24.6,88,1013.6,5.2,64,17.2
445,445,2024-03-21,99.66666666666667,KPS,27.5,23.0,78,1012.1,5.3,42,0.1
446,446,2024-03-22,127.33333333333333,KPS,29.9,22.3,66,1008.4,4.7,191,0.1
447,447,2024-03-23,75.91666666666667,KPS,30.3,24.2,72,1008.2,7.8,169,0.0
448,448,2024-03-24,64.875,KPS,31.0,23.5,68,1009.7,6.0,178,0.0
449,449,2024-03-25,66.70833333333333,KPS,30.9,24.4,71,1009.7,6.5,160,0.0
450,450,2024-03-26,63.0,KPS,30.8,24.5,71,1010.9,7.7,159,0.3
451,451,2024-03-27,61.958333333333336,KPS,30.6,24.3,72,1012.7,5.5,149,0.0
452,452,2024-03-28,66.04166666666667,KPS,30.3,23.8,70,1010.5,4.8,183,0.0
453,453,2024-03-29,66.66666666666667,KPS,31.2,23.8,68,1009.9,7.6,166,0.0
454,454,2024-03-30,56.208333333333336,KPS,31.7,23.9,66,1011.2,7.6,173,0.3
455,455,2024-03-31,51.25,KPS,32.5,23.1,64,1010.5,7.8,188,0.0
456,456,2024-04-01,64.79166666666667,KPS,32.2,21.0,59,1007.9,6.7,202,0.0
457,457,2024-04-02,76.66666666666667,KPS,31.8,21.8,62,1006.8,7.3,182,0.0
458,458,2024-04-03,70.08333333333333,KPS,31.9,24.1,69,1007.4,8.3,176,0.0
459,459,2024-04-04,68.08333333333333,KPS,32.1,23.4,66,1007.3,7.2,179,0.0
460,460,2024-04-05,79.75,KPS,31.7,25.7,74,1006.6,8.1,170,0.0
461,461,2024-04-06,88.375,KPS,32.0,25.6,72,1007.0,7.8,169,0.0
462,462,2024-04-07,73.04166666666667,KPS,32.0,25.0,70,1006.7,7.5,168,0.0
463,463,2024-04-08,60.0,KPS,32.3,24.2,66,1007.5,7.0,168,0.0
464,464,2024-04-09,60.083333333333336,KPS,32.4,24.4,66,1007.6,7.2,160,0.4
465,465,2024-04-10,68.33333333333333,KPS,31.6,25.0,70,1009.6,6.3,103,1.1
466,466,2024-04-11,120.95833333333333,KPS,32.3,24.7,68,1009.6,5.4,138,0.0
467,467,2024-04-12,125.25,KPS,32.2,24.3,66,1008.7,5.9,157,0.0
468,468,2024-04-13,87.66666666666667,KPS,32.2,24.5,67,1008.3,7.0,169,0.1
469,469,2024-04-14,77.54166666666667,KPS,31.9,24.0,67,1008.9,7.5,167,0.0
470,470,2024-04-15,68.91666666666667,KPS,31.9,24.6,68,1009.0,7.2,166,0.0
471,471,2024-04-16,65.91666666666667,KPS,31.7,24.1,68,1008.1,7.3,170,0.0
472,472,2024-04-17,66.91666666666667,KPS,32.0,24.0,67,1007.3,7.2,181,0.0
473,473,2024-04-18,68.91666666666667,KPS,32.7,23.0,62,1006.1,7.6,186,0.0
474,474,2024-04-19,66.04166666666667,KPS,32.6,23.2,62,1005.0,8.1,204,0.0
475,475,2024-04-20,73.83333333333333,KPS,32.6,22.1,59,1005.1,6.6,223,0.0
476,476,2024-04-21,79.58333333333333,KPS,32.6,22.3,58,1005.7,6.2,213,0.0
477,477,2024-04-22,76.29166666666667,KPS,33.0,23.5,61,1005.5,7.7,179,0.0
478,478,2024-04-23,66.41666666666667,KPS,32.9,25.1,68,1005.3,8.6,182,0.0
479,479,2024-04-24,60.375,KPS,32.6,25.2,69,1005.6,8.5,172,0.0
480,480,2024-04-25,49.75,KPS,32.6,24.4,66,1005.8,7.5,170,0.0
481,481,2024-04-26,41.416666666666664,KPS,32.5,24.3,65,1005.2,8.1,170,0.0
482,482,2024-04-27,50.416666666666664,KPS,33.1,23.3,64,1004.9,7.5,183,0.0
483,483,2024-04-28,58.625,KPS,32.9,25.2,68,1006.1,8.4,177,0.0
484,484,2024-04-29,58.166666666666664,KPS,33.3,24.7,66,1006.5,7.7,177,0.0
485,485,2024-04-30,60.833333333333336,KPS,33.0,23.7,63,1004.5,8.4,198,0.0
486,486,2024-05-01,77.25,KPS,33.4,24.0,62,1003.7,6.8,210,0.0
487,487,2024-05-02,91.875,KPS,33.0,24.2,64,1004.7,8.0,183,0.0
488,488,2024-05-03,83.29166666666667,KPS,33.2,23.4,61,1006.0,7.2,199,0.0
489,489,2024-05-04,70.25,KPS,33.3,24.0,63,1005.7,6.6,189,0.2
490,490,2024-05-05,70.16666666666667,KPS,33.5,23.4,60,1005.1,5.9,196,0.0
491,491,2024-05-06,66.04166666666667,KPS,33.0,25.9,69,1006.7,7.1,170,0.2
492,492,2024-05-07,68.91666666666667,KPS,30.2,25.8,78,1009.4,7.0,150,3.6
493,493,2024-05-08,71.5,KPS,30.1,23.7,71,1009.0,3.2,139,0.0
494,494,2024-05-09,94.25,KPS,31.3,24.0,68,1007.8,6.2,157,0.2
495,495,2024-05-10,67.75,KPS,31.1,24.7,71,1008.9,5.9,152,1.0
496,496,2024-05-11,75.95833333333333,KPS,30.2,25.4,77,1010.3,4.8,83,4.7
497,497,2024-05-12,83.45833333333333,KPS,30.9,24.4,71,1009.2,2.8,236,0.0
498,498,2024-05-13,79.20833333333333,KPS,31.2,25.1,72,1008.2,6.2,199,3.8
499,499,2024-05-14,73.0,KPS,29.9,25.1,77,1008.8,4.4,54,0.1
500,500,2024-05-15,150.375,KPS,32.2,24.2,65,1008.3,4.4,158,0.0
501,501,2024-05-16,99.25,KPS,31.3,26.2,76,1008.2,7.1,135,4.8
502,502,2024-05-17,80.58333333333333,KPS,30.7,25.9,77,1007.9,4.3,166,6.3
503,503,2024-05-18,60.0,KPS,30.9,25.3,74,1006.2,4.7,185,1.2
504,504,2024-05-19,52.125,KPS,30.8,25.4,76,1004.6,5.8,197,11.0
505,505,2024-05-20,42.5,KPS,30.8,25.4,76,1004.6,5.7,218,1.4
506,506,2024-05-21,37.0,KPS,29.9,25.6,80,1006.0,4.7,216,26.0
507,507,2024-05-22,52.458333333333336,KPS,28.0,25.8,88,1006.8,3.4,172,8.2
508,508,2024-05-23,49.458333333333336,KPS,27.8,26.1,91,1006.4,4.3,188,4.7
509,509,2024-05-24,34.291666666666664,KPS,28.5,25.8,86,1006.3,4.3,170,2.4
510,510,2024-05-25,41.083333333333336,KPS,29.4,25.7,82,1007.0,6.0,169,3.0
511,511,2024-05-26,47.458333333333336,KPS,29.9,25.7,80,1007.6,5.9,175,4.9
512,512,2024-05-27,49.833333333333336,KPS,30.8,24.9,73,1006.8,6.2,227,0.4
513,513,2024-05-28,41.666666666666664,KPS,30.7,23.8,68,1006.5,5.3,231,0.2
514,514,2024-05-29,41.166666666666664,KPS,30.4,24.8,73,1006.1,5.4,237,3.0
515,515,2024-05-30,33.208333333333336,KPS,30.1,25.0,75,1005.8,5.9,229,8.9
516,516,2024-05-31,32.0,KPS,29.6,25.7,81,1006.0,6.3,209,12.4
517,517,2024-06-01,29.666666666666668,KPS,28.8,25.4,82,1008.4,5.9,191,4.8
518,518,2024-06-02,31.541666666666668,KPS,29.9,23.6,70,1009.8,5.9,243,0.1
519,519,2024-06-03,49.958333333333336,KPS,29.7,23.9,72,1008.8,6.2,245,0.1
520,520,2024-06-04,33.75,KPS,29.9,24.9,75,1007.9,5.8,249,1.5
521,521,2024-06-05,32.833333333333336,KPS,29.6,24.1,73,1008.2,6.5,242,0.2
522,522,2024-06-06,27.958333333333332,KPS,29.8,23.9,72,1008.7,5.6,215,2.8
523,523,2024-06-07,26.333333333333332,KPS,29.7,23.7,71,1007.5,6.5,233,1.5
524,524,2024-06-08,17.875,KPS,29.8,23.1,68,1006.0,7.8,242,0.0
525,525,2024-06-09,15.958333333333334,KPS,29.0,23.2,72,1005.4,8.3,240,0.0
526,526,2024-06-10,16.625,KPS,27.5,23.6,80,1006.7,8.1,207,7.7
527,527,2024-06-11,15.5,KPS,29.4,23.1,70,1008.0,8.1,213,0.0
528,528,2024-06-12,18.458333333333332,KPS,29.4,23.6,72,1009.5,6.7,228,0.0
529,529,2024-06-13,27.708333333333332,KPS,30.3,23.6,69,1008.4,7.3,243,0.1
530,530,2024-06-14,26.916666666666668,KPS,29.9,24.3,73,1006.4,6.3,238,6.9
531,531,2024-06-15,24.916666666666668,KPS,31.1,23.4,66,1005.6,6.1,241,0.6
532,532,2024-06-16,27.291666666666668,KPS,30.8,23.0,65,1006.2,7.7,250,0.4
533,533,2024-06-17,37.291666666666664,KPS,29.9,23.8,71,1006.9,6.8,233,2.6
534,534,2024-06-18,31.791666666666668,KPS,30.2,23.4,69,1006.4,6.4,232,3.2
535,535,2024-06-19,43.458333333333336,KPS,30.3,23.4,69,1005.6,6.2,231,1.6
536,536,2024-06-20,23.833333333333332,KPS,30.3,23.3,67,1005.4,6.9,250,0.8
537,537,2024-06-21,15.208333333333334,KPS,29.5,24.3,74,1004.6,6.6,235,6.0
538,538,2024-06-22,12.833333333333334,KPS,29.8,23.4,69,1003.7,7.2,229,1.0
539,539,2024-06-23,11.833333333333334,KPS,29.3,22.7,68,1004.8,8.0,230,0.1
540,540,2024-06-24,16.916666666666668,KPS,27.9,22.9,75,1005.0,7.3,224,1.1
541,541,2024-06-25,16.375,KPS,28.8,22.8,71,1004.9,7.5,219,0.5
542,542,2024-06-26,18.208333333333332,KPS,27.8,24.1,81,1006.5,5.8,191,5.6
543,543,2024-06-27,36.625,KPS,28.7,23.8,76,1008.0,4.2,204,6.4
544,544,2024-06-28,55.291666666666664,KPS,29.8,24.6,76,1007.4,5.5,212,8.2
545,545,2024-06-29,49.5,KPS,28.8,25.6,84,1007.8,5.6,175,7.7
546,546,2024-06-30,43.791666666666664,KPS,29.0,24.4,78,1008.8,5.7,208,1.4
547,547,2024-07-01,35.416666666666664,KPS,28.8,23.5,74,1007.9,6.7,249,0.3
548,548,2024-07-02,25.875,KPS,29.6,23.0,69,1006.2,6.8,259,0.3
549,549,2024-07-03,51.125,KPS,29.7,24.3,75,1007.1,5.0,208,15.5
550,550,2024-07-04,62.916666666666664,KPS,28.1,25.2,85,1008.9,5.2,176,2.7
551,551,2024-07-05,50.208333333333336,KPS,28.2,24.9,84,1007.1,5.6,198,11.7
552,552,2024-07-06,35.25,KPS,28.4,24.4,81,1005.5,5.6,227,4.0
553,553,2024-07-07,44.125,KPS,29.5,23.8,73,1005.6,5.1,220,0.0
554,554,2024-07-08,47.208333333333336,KPS,29.3,25.1,79,1006.0,4.5,185,9.0
555,555,2024-07-09,52.333333333333336,KPS,29.2,24.6,78,1007.5,4.8,230,9.4
556,556,2024-07-10,50.958333333333336,KPS,29.3,25.0,79,1008.1,6.1,204,18.4
557,557,2024-07-11,40.833333333333336,KPS,28.8,24.1,77,1007.2,6.7,231,1.7
558,558,2024-07-12,22.625,KPS,28.1,23.4,77,1005.9,6.4,223,3.0
559,559,2024-07-13,22.458333333333332,KPS,27.9,23.5,77,1004.8,7.5,242,1.3
560,560,2024-07-14,18.791666666666668,KPS,28.5,23.0,73,1004.9,7.0,228,0.1
561,561,2024-07-15,25.625,KPS,28.2,23.9,78,1005.3,5.2,249,0.3
562,562,2024-07-16,25.625,KPS,27.5,23.4,79,1005.0,6.5,252,0.9
563,563,2024-07-17,21.208333333333332,KPS,27.6,23.0,77,1004.4,6.2,242,1.6
564,564,2024-07-18,22.416666666666668,KPS,27.7,23.5,78,1005.6,6.4,232,1.4
565,565,2024-07-19,20.958333333333332,KPS,28.3,23.9,78,1005.6,7.0,216,0.8
566,566,2024-07-20,23.75,KPS,28.7,24.4,78,1006.8,5.7,224,3.5
567,567,2024-07-21,25.208333333333332,KPS,29.2,24.6,77,1007.0,5.4,225,8.4
568,568,2024-07-22,41.75,KPS,29.0,23.8,74,1007.5,7.8,256,0.0
569,569,2024-07-23,28.291666666666668,KPS,28.4,24.0,78,1006.8,6.5,243,1.1
570,570,2024-07-24,19.958333333333332,KPS,27.7,23.9,81,1004.5,7.7,230,0.2
571,571,2024-07-25,14.416666666666666,KPS,27.3,24.4,85,1003.4,7.8,233,0.2
572,572,2024-07-26,14.541666666666666,KPS,27.3,25.7,91,1004.4,5.7,218,2.9
573,573,2024-07-27,22.5,KPS,28.2,25.9,88,1005.9,5.4,202,5.8
574,574,2024-07-28,27.875,KPS,28.2,25.0,83,1005.8,6.3,213,0.9
575,575,2024-07-29,26.666666666666668,KPS,27.8,24.3,81,1005.9,6.4,213,1.0
576,576,2024-07-30,22.291666666666668,KPS,28.2,24.2,80,1007.1,6.3,216,0.4
577,577,2024-07-31,34.416666666666664,KPS,28.5,24.5,79,1008.3,6.4,198,1.2
578,578,2024-08-01,32.083333333333336,KPS,28.5,24.9,82,1009.0,5.2,188,8.6
579,579,2024-08-02,40.5,KPS,28.4,24.9,82,1008.7,3.4,210,4.9
580,580,2024-08-03,42.041666666666664,KPS,28.4,25.0,83,1008.8,4.8,201,25.9
581,581,2024-08-04,40.375,KPS,27.7,24.8,85,1009.2,5.1,202,13.0
582,582,2024-08-05,42.25,KPS,28.2,24.6,82,1008.2,5.7,225,17.1
583,583,2024-08-06,39.416666666666664,KPS,29.1,23.9,75,1007.1,6.1,239,0.3
584,584,2024-08-07,34.25,KPS,28.4,24.5,80,1007.9,5.6,218,17.3
585,585,2024-08-08,39.291666666666664,KPS,29.0,24.6,79,1008.6,5.2,240,0.1
586,586,2024-08-09,46.916666666666664,KPS,29.9,24.2,73,1007.9,6.8,240,0.6
587,587,2024-08-10,28.791666666666668,KPS,30.6,24.1,70,1006.4,8.0,240,0.5
588,588,2024-08-11,21.416666666666668,KPS,30.9,23.5,67,1004.7,8.6,252,0.0
589,589,2024-08-12,25.75,KPS,30.1,24.0,71,1005.0,7.8,238,0.6
590,590,2024-08-13,32.958333333333336,KPS,29.1,24.7,78,1006.6,5.8,211,3.7
591,591,2024-08-14,39.0,KPS,29.2,24.9,79,1006.8,5.9,225,7.0
592,592,2024-08-15,32.291666666666664,KPS,29.7,25.0,78,1006.1,6.0,228,4.8
593,593,2024-08-16,31.125,KPS,29.7,25.2,79,1005.7,6.4,225,4.8
594,594,2024-08-17,28.041666666666668,KPS,29.4,24.5,76,1007.1,5.4,223,7.9
595,595,2024-08-18,29.375,KPS,29.9,24.6,75,1007.6,5.0,216,6.7
596,596,2024-08-19,31.416666666666668,KPS,30.0,24.3,74,1007.1,5.7,225,3.0
597,597,2024-08-20,29.666666666666668,KPS,29.3,24.8,78,1008.2,4.6,216,8.2
598,598,2024-08-21,34.166666666666664,KPS,28.8,24.7,80,1009.0,4.1,229,1.9
599,599,2024-08-22,31.333333333333332,KPS,29.9,23.9,72,1008.6,5.6,223,2.0
600,600,2024-08-23,39.083333333333336,KPS,29.9,23.7,71,1009.2,5.4,223,1.6
601,601,2024-08-24,44.708333333333336,KPS,29.0,25.3,82,1009.2,3.6,209,17.4
602,602,2024-08-25,33.041666666666664,KPS,28.9,24.0,76,1008.3,5.3,258,0.7
603,603,2024-08-26,29.541666666666668,KPS,29.0,23.4,73,1007.2,5.8,246,5.5
604,604,2024-08-27,33.208333333333336,KPS,29.4,24.0,74,1007.2,6.5,221,7.3
605,605,2024-08-28,39.875,KPS,28.4,24.8,82,1006.9,5.6,197,6.0
606,606,2024-08-29,29.458333333333332,KPS,28.2,24.0,79,1007.2,6.5,212,5.2
607,607,2024-08-30,22.291666666666668,KPS,28.5,22.6,72,1008.0,6.7,242,0.3
608,608,2024-08-31,20.291666666666668,KPS,28.8,23.1,72,1007.8,6.6,259,0.6
609,609,2024-09-01,18.25,KPS,28.9,23.6,74,1006.4,6.7,265,8.5
610,610,2024-09-02,22.125,KPS,28.2,24.9,83,1006.3,3.9,258,23.3
611,611,2024-09-03,37.666666666666664,KPS,27.7,25.6,89,1007.3,4.6,195,15.0
612,612,2024-09-04,32.875,KPS,28.2,24.5,81,1006.1,5.8,230,1.8
613,613,2024-09-05,15.958333333333334,KPS,28.7,23.4,74,1005.0,7.3,249,0.5
614,614,2024-09-06,19.791666666666668,KPS,28.7,23.2,73,1005.0,7.8,266,0.1
615,615,2024-09-07,23.5,KPS,29.0,23.7,74,1005.9,6.9,248,0.2
616,616,2024-09-08,19.833333333333332,KPS,28.7,24.8,80,1007.1,5.9,229,2.1
617,617,2024-09-09,19.791666666666668,KPS,28.8,24.4,78,1006.4,6.9,233,0.1
618,618,2024-09-10,26.625,KPS,28.6,24.9,81,1005.9,6.1,232,3.2
619,619,2024-09-11,33.0,KPS,28.5,25.0,82,1007.3,5.1,216,10.3
620,620,2024-09-12,32.708333333333336,KPS,28.3,25.0,83,1007.8,5.0,217,12.1
621,621,2024-09-13,36.958333333333336,KPS,28.4,25.3,85,1006.4,5.6,220,4.0
622,622,2024-09-14,28.666666666666668,KPS,28.6,24.7,80,1005.0,6.0,236,2.7
623,623,2024-09-15,22.666666666666668,KPS,28.5,23.6,76,1004.6,7.8,263,1.9
624,624,2024-09-16,34.291666666666664,KPS,28.9,23.6,75,1004.4,6.3,269,1.7
625,625,2024-09-17,43.5,KPS,29.1,24.4,77,1003.6,6.2,282,9.0
626,626,2024-09-18,35.333333333333336,KPS,27.7,24.8,85,1002.9,5.7,292,16.6
627,627,2024-09-19,45.125,KPS,28.1,24.8,83,1002.6,4.1,263,2.9
628,628,2024-09-20,52.5,KPS,28.5,24.3,79,1002.4,6.3,242,3.2
629,629,2024-09-21,32.0,KPS,27.9,24.9,84,1003.7,5.4,205,4.5
630,630,2024-09-22,37.375,KPS,27.8,25.0,85,1005.1,5.3,195,4.0
631,631,2024-09-23,31.041666666666668,KPS,28.0,24.4,82,1007.7,4.2,206,8.7
632,632,2024-09-24,48.958333333333336,KPS,27.7,25.6,89,1009.3,3.1,151,18.7
633,633,2024-09-25,55.583333333333336,KPS,27.8,24.8,85,1010.0,3.3,135,1.4
634,634,2024-09-26,115.375,KPS,28.4,25.4,85,1009.8,3.3,119,11.6
635,635,2024-09-27,165.66666666666666,KPS,28.5,25.3,84,1009.7,4.6,80,13.4
636,636,2024-09-28,179.95833333333334,KPS,28.9,25.3,82,1008.9,5.1,130,13.5
637,637,2024-09-29,90.45833333333333,KPS,29.7,25.1,78,1008.2,5.2,203,2.9
638,638,2024-09-30,51.291666666666664,KPS,30.1,24.3,73,1006.5,7.4,238,0.5
639,639,2024-10-01,27.166666666666668,KPS,29.3,24.8,79,1006.2,5.8,196,15.1
640,640,2024-10-02,48.208333333333336,KPS,28.3,25.7,87,1008.1,3.1,145,15.7
641,641,2024-10-03,65.54166666666667,KPS,27.4,25.2,88,1009.7,3.8,79,35.9
642,642,2024-10-04,68.45833333333333,KPS,27.0,24.7,88,1010.8,4.5,65,11.7
643,643,2024-10-05,71.33333333333333,KPS,28.0,24.2,81,1010.0,4.4,29,3.7
644,644,2024-10-06,89.5,KPS,28.6,23.9,77,1010.4,4.5,52,0.8
645,645,2024-10-07,106.25,KPS,28.6,24.2,79,1011.3,4.6,23,2.5
646,646,2024-10-08,85.91666666666667,KPS,28.7,24.5,79,1010.8,4.7,8,3.4
647,647,2024-10-09,70.41666666666667,KPS,27.7,25.1,86,1010.2,3.0,272,11.6
648,648,2024-10-10,103.25,KPS,28.0,25.4,87,1009.3,3.5,83,10.5
649,649,2024-10-11,132.95833333333334,KPS,28.2,25.1,84,1009.3,4.3,19,5.7
650,650,2024-10-12,110.5,KPS,28.8,25.1,82,1009.7,3.9,38,10.9
651,651,2024-10-13,97.29166666666667,KPS,27.8,25.0,85,1010.1,5.0,341,16.1
652,652,2024-10-14,82.08333333333333,KPS,28.6,25.3,84,1009.4,3.2,173,0.6
653,653,2024-10-15,92.08333333333333,KPS,29.6,24.6,76,1009.1,3.2,152,0.7
654,654,2024-10-16,105.58333333333333,KPS,28.7,25.9,85,1009.7,4.1,126,7.1
655,655,2024-10-17,157.95833333333334,KPS,28.9,24.9,81,1009.6,2.7,107,2.4
656,656,2024-10-18,128.29166666666666,KPS,28.0,25.1,85,1009.3,4.0,67,21.3
657,657,2024-10-19,67.91666666666667,KPS,27.2,25.2,90,1009.9,3.6,90,34.5
658,658,2024-10-20,75.70833333333333,KPS,26.9,25.1,91,1010.8,5.5,88,16.4
659,659,2024-10-21,78.20833333333333,KPS,28.0,25.0,85,1010.6,2.9,43,13.1
660,660,2024-10-22,94.375,KPS,27.8,25.0,85,1010.2,5.2,351,16.8
661,661,2024-10-23,69.41666666666667,KPS,27.8,24.7,84,1010.8,4.9,328,11.7
662,662,2024-10-24,71.375,KPS,28.4,24.6,81,1010.1,4.4,326,0.9
663,663,2024-10-25,66.66666666666667,KPS,29.1,24.0,75,1008.6,5.1,286,0.5
664,664,2024-10-26,51.75,KPS,29.6,24.0,73,1006.3,6.1,278,0.0
665,665,2024-10-27,35.25,KPS,29.7,24.3,74,1004.3,8.2,273,1.0
666,666,2024-10-28,36.666666666666664,KPS,28.1,24.8,83,1005.5,5.5,45,10.9
667,667,2024-10-29,59.666666666666664,KPS,28.0,24.5,82,1007.5,3.6,238,6.8
668,668,2024-10-30,81.83333333333333,KPS,28.1,24.4,82,1009.3,3.5,46,6.0
669,669,2024-10-31,55.5,KPS,28.3,23.5,77,1009.2,4.4,339,4.6
670,670,2024-11-01,50.125,KPS,28.9,23.9,76,1008.9,4.7,308,0.8
671,671,2024-11-02,57.708333333333336,KPS,27.8,24.2,82,1010.3,5.7,18,8.4
672,672,2024-11-03,77.875,KPS,27.8,20.8,68,1010.9,7.5,25,0.0
673,673,2024-11-04,70.16666666666667,KPS,27.7,22.3,73,1010.6,4.9,24,0.4
674,674,2024-11-05,65.45833333333333,KPS,27.3,23.1,79,1011.4,5.3,26,9.4
675,675,2024-11-06,55.333333333333336,KPS,26.3,23.6,86,1012.6,4.9,346,10.4
676,676,2024-11-07,64.0,KPS,26.6,23.3,82,1012.2,4.4,346,5.8
677,677,2024-11-08,80.16666666666667,KPS,27.2,22.7,77,1012.0,4.8,5,0.6
678,678,2024-11-09,86.33333333333333,KPS,27.9,22.3,73,1011.4,6.3,13,0.0
679,679,2024-11-10,67.66666666666667,KPS,27.7,21.9,73,1011.2,5.1,21,0.0
680,680,2024-11-11,70.45833333333333,KPS,27.6,21.8,72,1010.6,4.0,17,0.0
681,681,2024-11-12,63.708333333333336,KPS,27.9,22.8,76,1009.8,4.4,7,0.0
682,682,2024-11-13,89.45833333333333,KPS,28.2,23.4,77,1008.5,3.9,339,0.0
683,683,2024-11-14,107.20833333333333,KPS,28.7,24.1,77,1008.6,4.5,34,0.0
684,684,2024-11-15,106.41666666666667,KPS,27.2,25.4,90,1009.2,3.6,165,8.9
685,685,2024-11-16,83.54166666666667,KPS,28.5,24.9,82,1008.5,4.0,162,0.0
686,686,2024-11-17,74.95833333333333,KPS,28.0,24.9,84,1009.0,5.5,58,14.4
687,687,2024-11-18,74.125,KPS,27.6,23.0,78,1010.2,7.3,15,4.3
688,688,2024-11-19,70.5,KPS,27.7,22.3,74,1010.8,6.7,30,0.0
689,689,2024-11-20,58.375,KPS,27.8,22.2,73,1010.4,6.5,19,0.1
690,690,2024-11-21,59.958333333333336,KPS,27.7,21.7,71,1010.1,6.4,21,0.0
691,691,2024-11-22,53.166666666666664,KPS,27.7,21.4,70,1010.4,6.3,24,0.0
692,692,2024-11-23,53.375,KPS,27.8,21.5,70,1011.0,6.8,26,0.0
693,693,2024-11-24,53.416666666666664,KPS,27.9,22.1,72,1010.9,5.4,28,0.0
694,694,2024-11-25,61.25,KPS,28.2,22.7,74,1010.2,6.2,30,0.5
695,695,2024-11-26,58.708333333333336,KPS,28.5,23.0,74,1010.0,5.1,22,0.0
696,696,2024-11-27,57.958333333333336,KPS,28.3,22.5,73,1010.2,6.1,47,0.0
697,697,2024-11-28,57.625,KPS,27.5,20.1,66,1011.9,8.7,30,0.0
698,698,2024-11-29,51.916666666666664,KPS,25.4,17.2,62,1013.0,9.5,29,0.0
699,699,2024-11-30,56.791666666666664,KPS,24.5,17.4,67,1011.5,6.8,19,0.0
700,700,2024-12-01,63.541666666666664,KPS,25.2,18.7,70,1009.8,5.3,6,0.0
701,701,2024-12-02,87.54166666666667,KPS,26.3,20.4,72,1009.1,3.3,342,0.0
702,702,2024-12-03,94.04166666666667,KPS,27.2,20.9,71,1009.5,5.1,17,0.0
703,703,2024-12-04,80.16666666666667,KPS,27.5,21.3,71,1009.3,5.0,27,0.0
704,704,2024-12-05,70.20833333333333,KPS,27.0,21.8,75,1009.4,4.5,9,0.0
705,705,2024-12-06,76.625,KPS,27.0,21.8,75,1009.1,2.9,347,0.0
706,706,2024-12-07,84.25,KPS,27.1,22.3,77,1009.6,4.6,21,0.0
707,707,2024-12-08,72.75,KPS,27.0,22.4,77,1010.4,6.0,25,0.0
708,708,2024-12-09,57.75,KPS,25.9,20.9,75,1010.6,6.2,6,0.0
709,709,2024-12-10,67.75,KPS,26.5,21.1,74,1009.5,4.9,3,0.0
710,710,2024-12-11,74.33333333333333,KPS,27.5,21.3,71,1008.8,6.2,7,0.0
711,711,2024-12-12,58.0,KPS,27.4,21.9,73,1008.5,6.7,22,0.0
712,712,2024-12-13,54.5,KPS,26.2,22.3,79,1009.9,5.6,10,0.3
713,713,2024-12-14,49.25,KPS,26.1,20.5,72,1011.8,7.3,19,0.1
714,714,2024-12-15,49.791666666666664,KPS,25.3,16.6,59,1013.9,9.8,29,0.0
715,715,2024-12-16,40.333333333333336,KPS,24.9,16.1,59,1014.3,7.6,28,0.0
716,716,2024-12-17,56.291666666666664,KPS,25.2,17.5,64,1013.2,7.7,13,0.0
717,717,2024-12-18,57.083333333333336,KPS,25.6,18.8,68,1012.6,7.2,25,0.0
718,718,2024-12-19,61.375,KPS,25.0,17.1,64,1013.0,7.4,23,0.0
719,719,2024-12-20,67.20833333333333,KPS,23.4,15.8,65,1012.6,6.8,18,0.0
720,720,2024-12-21,76.66666666666667,KPS,23.1,16.8,70,1012.5,5.1,23,0.0
721,721,2024-12-22,62.041666666666664,KPS,22.4,16.0,69,1012.7,6.5,29,0.0
722,722,2024-12-23,69.41666666666667,KPS,22.7,15.2,65,1012.3,7.3,23,0.0
723,723,2024-12-24,72.16666666666667,KPS,24.5,17.4,67,1012.5,7.6,18,0.0
724,724,2024-12-25,71.08333333333333,KPS,25.0,17.6,66,1013.4,8.1,18,0.0
725,725,2024-12-26,71.08333333333333,KPS,25.6,18.8,68,1014.1,8.1,12,0.0
726,726,2024-12-27,64.70833333333333,KPS,27.5,20.5,67,1013.6,6.8,22,0.0
727,727,2024-12-28,53.416666666666664,KPS,27.0,20.3,68,1014.1,7.8,28,0.0
728,728,2024-12-29,56.75,KPS,25.9,17.3,60,1014.3,7.5,25,0.0
729,729,2024-12-30,66.625,KPS,25.4,18.7,68,1013.6,4.1,16,0.0
730,730,2024-12-31,65.29166666666667,KPS,24.6,17.5,67,1013.2,5.7,23,0.0
731,731,2025-01-01,59.916666666666664,KPS,24.7,17.6,67,1011.7,5.7,18,0.0
732,732,2025-01-02,68.08333333333333,KPS,24.6,17.5,67,1011.6,5.9,20,0.0
733,733,2025-01-03,65.08333333333333,KPS,24.2,17.4,68,1012.2,7.8,24,0.0
734,734,2025-01-04,65.95833333333333,KPS,24.6,17.0,65,1011.9,6.8,16,0.0
735,735,2025-01-05,70.79166666666667,KPS,24.0,15.4,61,1013.6,8.1,25,0.0
736,736,2025-01-06,77.79166666666667,KPS,23.3,15.1,62,1013.0,6.0,17,0.0
737,737,2025-01-07,97.0,KPS,24.1,15.8,63,1012.2,3.3,13,0.0
738,738,2025-01-08,129.54166666666666,KPS,24.7,17.7,67,1011.8,3.9,67,0.0
739,739,2025-01-09,139.5,KPS,25.3,19.2,71,1012.7,4.4,35,0.0
740,740,2025-01-10,78.375,KPS,24.9,18.3,69,1015.2,8.3,29,0.0
741,741,2025-01-11,63.375,KPS,23.2,15.2,62,1016.8,9.4,29,0.0
742,742,2025-01-12,64.625,KPS,21.0,11.5,56,1017.9,11.8,25,0.0
743,743,2025-01-13,72.5,KPS,20.6,11.7,59,1015.4,7.9,15,0.0
744,744,2025-01-14,72.75,KPS,21.7,13.9,63,1014.9,6.4,10,0.0
745,745,2025-01-15,78.54166666666667,KPS,24.0,16.3,64,1014.4,8.9,12,0.0
746,746,2025-01-16,58.625,KPS,25.5,16.9,60,1014.4,9.3,19,0.0
747,747,2025-01-17,58.583333333333336,KPS,24.5,16.1,61,1013.7,8.1,23,0.0
748,748,2025-01-18,77.95833333333333,KPS,23.9,16.2,64,1012.5,5.9,20,0.0
749,749,2025-01-19,94.08333333333333,KPS,23.8,15.9,64,1011.3,5.1,10,0.0
750,750,2025-01-20,105.625,KPS,23.7,16.6,67,1010.4,3.5,5,0.0
751,751,2025-01-21,142.04166666666666,KPS,23.7,16.4,67,1010.6,3.8,75,0.0
752,752,2025-01-22,153.70833333333334,KPS,23.9,16.6,66,1010.7,3.9,162,0.0
753,753,2025-01-23,157.125,KPS,23.8,17.4,69,1010.9,3.2,187,0.0
754,754,2025-01-24,156.45833333333334,KPS,24.1,17.3,69,1009.6,4.1,198,0.0
755,755,2025-01-25,142.54166666666666,KPS,26.2,18.7,66,1009.1,3.5,182,0.0
756,756,2025-01-26,94.08333333333333,KPS,26.5,20.3,72,1009.4,4.8,152,0.0
757,757,2025-01-27,88.83333333333333,KPS,24.4,17.8,68,1011.3,8.5,23,0.4
758,758,2025-01-28,69.625,KPS,23.4,15.4,62,1014.2,8.2,12,0.0
759,759,2025-01-29,85.75,KPS,23.4,16.1,65,1015.4,6.9,14,0.0
760,760,2025-01-30,123.79166666666667,KPS,23.9,17.2,69,1012.5,4.6,64,0.0
761,761,2025-01-31,145.08333333333334,KPS,24.8,16.3,61,1010.8,3.6,162,0.0
762,762,2025-02-01,142.875,KPS,25.7,17.7,63,1009.3,3.2,137,0.0
763,763,2025-02-02,119.29166666666667,KPS,26.6,19.1,66,1008.6,3.7,162,0.0
764,764,2025-02-03,102.83333333333333,KPS,27.3,20.6,69,1009.0,3.0,160,0.0
765,765,2025-02-04,124.04166666666667,KPS,26.6,22.9,81,1010.9,7.3,107,0.4
766,766,2025-02-05,125.41666666666667,KPS,26.5,20.8,73,1010.5,5.6,116,0.0
767,767,2025-02-06,114.70833333333333,KPS,27.0,21.6,75,1009.5,5.7,152,0.0
768,768,2025-02-07,98.83333333333333,KPS,27.3,21.5,74,1010.4,4.6,145,0.0
769,769,2025-02-08,121.70833333333333,KPS,27.3,21.3,72,1011.2,6.2,84,0.4
770,770,2025-02-09,78.95833333333333,KPS,25.3,17.8,65,1012.5,6.9,25,0.0
771,771,2025-02-10,68.83333333333333,KPS,25.2,17.3,64,1012.8,5.4,19,0.0
772,772,2025-02-11,105.625,KPS,26.0,17.7,64,1012.1,3.2,40,0.0
773,773,2025-02-12,118.04166666666667,KPS,26.8,17.8,61,1011.3,2.9,114,0.0
774,774,2025-02-13,122.58333333333333,KPS,27.1,18.8,63,1010.6,3.8,171,0.0
775,775,2025-02-14,106.04166666666667,KPS,27.3,20.3,69,1010.0,4.9,166,0.0
776,776,2025-02-15,101.125,KPS,28.0,21.0,69,1009.0,4.2,170,0.0
777,777,2025-02-16,95.375,KPS,27.8,20.1,66,1009.5,6.0,196,0.0
778,778,2025-02-17,83.125,KPS,28.1,22.8,76,1011.1,7.4,158,0.0
779,779,2025-02-18,75.0,KPS,27.9,23.7,79,1011.8,6.0,146,0.7
780,780,2025-02-19,85.66666666666667,KPS,28.1,23.7,79,1011.6,4.7,120,2.8
781,781,2025-02-20,123.5,KPS,28.4,22.8,74,1011.7,4.9,60,7.4
782,782,2025-02-21,155.20833333333334,KPS,28.4,23.7,77,1012.2,5.6,100,1.2
783,783,2025-02-22,152.75,KPS,29.0,22.8,71,1012.4,5.5,43,0.3
784,784,2025-02-23,149.5,KPS,29.2,23.2,72,1013.0,6.3,98,1.8
785,785,2025-02-24,115.75,KPS,26.1,22.0,78,1015.5,7.7,19,7.1
786,786,2025-02-25,60.291666666666664,KPS,24.6,20.2,77,1016.9,10.2,7,0.0
787,787,2025-02-26,63.708333333333336,KPS,26.0,20.8,75,1015.7,8.5,11,0.0
788,788,2025-02-27,71.58333333333333,KPS,28.3,21.9,70,1012.5,4.2,15,0.3
789,789,2025-02-28,117.20833333333333,KPS,29.4,22.1,67,1011.1,5.3,158,0.4
790,790,2025-03-01,100.83333333333333,KPS,29.4,23.3,72,1009.8,6.9,168,0.1
791,791,2025-03-02,87.70833333333333,KPS,29.6,23.9,74,1008.1,7.0,164,0.0
792,792,2025-03-03,73.58333333333333,KPS,30.0,23.7,72,1007.9,8.2,168,0.0
793,793,2025-03-04,71.70833333333333,KPS,29.6,23.8,73,1007.6,9.2,167,0.0
794,794,2025-03-05,68.0,KPS,30.2,22.8,69,1007.0,7.7,172,0.0
795,795,2025-03-06,68.45833333333333,KPS,29.6,23.7,73,1008.1,8.1,161,0.0
796,796,2025-03-07,66.20833333333333,KPS,28.9,24.1,77,1008.8,7.5,130,0.2
797,797,2025-03-08,92.95833333333333,KPS,26.4,22.8,82,1011.2,6.4,41,12.0
798,798,2025-03-09,96.375,KPS,27.5,21.2,71,1012.3,5.9,22,0.0
799,799,2025-03-10,128.70833333333334,KPS,29.5,22.0,67,1011.7,5.3,51,0.0
800,800,2025-03-11,145.83333333333334,KPS,30.3,23.1,67,1010.3,4.7,144,0.2
801,801,2025-03-12,108.75,KPS,30.1,23.6,70,1008.7,6.1,177,0.2
802,802,2025-03-13,87.625,KPS,29.2,24.4,77,1009.2,6.3,165,4.2
803,803,2025-03-14,76.16666666666667,KPS,29.3,24.0,76,1010.1,5.9,159,0.5
804,804,2025-03-15,82.29166666666667,KPS,30.2,23.3,70,1010.1,7.0,163,0.1
805,805,2025-03-16,73.66666666666667,KPS,30.7,23.7,69,1009.2,6.0,167,0.0
806,806,2025-03-17,79.79166666666667,KPS,30.1,24.3,74,1009.7,8.6,150,0.3
807,807,2025-03-18,87.79166666666667,KPS,29.9,24.2,73,1011.1,6.5,131,0.6
808,808,2025-03-19,138.75,KPS,29.1,21.1,64,1014.4,7.3,31,0.7
809,809,2025-03-20,133.54166666666666,KPS,26.4,17.4,59,1016.2,8.2,28,0.0
810,810,2025-03-21,148.16666666666666,KPS,25.4,17.7,64,1016.0,6.4,28,0.0
811,811,2025-03-22,160.125,KPS,26.8,18.5,62,1014.0,4.5,14,0.0
812,812,2025-03-23,159.54166666666666,KPS,27.7,19.9,65,1012.4,3.2,16,0.0
813,813,2025-03-24,157.04166666666666,KPS,28.5,20.4,64,1009.6,3.8,173,0.0
814,814,2025-03-25,143.45833333333334,KPS,29.5,23.1,71,1006.4,7.5,176,0.0
815,815,2025-03-26,120.54166666666667,KPS,30.2,23.8,73,1005.2,8.3,177,0.0
816,816,2025-03-27,110.25,KPS,30.3,22.5,68,1004.6,6.3,196,0.0
817,817,2025-03-28,97.70833333333333,KPS,29.5,19.0,58,1005.7,6.1,217,0.0
818,818,2025-03-29,110.875,KPS,29.5,22.3,68,1006.8,6.0,170,0.0
819,819,2025-03-30,108.29166666666667,KPS,29.9,24.5,74,1009.2,7.3,150,1.8
820,820,2025-03-31,105.375,KPS,28.0,25.1,85,1010.4,4.4,88,16.5
821,821,2025-04-01,150.29166666666666,KPS,29.5,24.3,76,1009.7,4.7,119,0.7
822,822,2025-04-02,153.04166666666666,KPS,29.8,24.2,73,1010.3,4.6,129,0.4
823,823,2025-04-03,144.5,KPS,29.3,24.2,75,1011.2,4.8,148,0.5
824,824,2025-04-04,131.29166666666666,KPS,30.2,23.1,68,1010.1,5.5,166,0.1
825,825,2025-04-05,92.54166666666667,KPS,30.2,23.1,69,1009.4,7.2,169,0.0
826,826,2025-04-06,74.54166666666667,KPS,30.2,22.8,68,1009.3,7.4,165,0.0
827,827,2025-04-07,71.5,KPS,29.2,24.1,75,1010.8,6.8,142,1.0
828,828,2025-04-08,94.875,KPS,30.0,24.2,73,1011.6,5.0,148,0.5
829,829,2025-04-09,93.20833333333333,KPS,31.0,23.3,67,1009.4,6.9,162,0.0
830,830,2025-04-10,106.375,KPS,29.4,24.3,76,1008.1,3.8,202,14.6
831,831,2025-04-11,99.08333333333333,KPS,29.9,23.9,74,1006.9,6.4,194,6.6
832,832,2025-04-12,81.83333333333333,KPS,29.7,24.4,75,1007.8,4.9,202,3.1
833,833,2025-04-13,71.79166666666667,KPS,30.7,24.4,71,1008.3,4.6,144,0.2
834,834,2025-04-14,85.29166666666667,KPS,29.1,25.2,80,1009.9,6.5,73,6.8
835,835,2025-04-15,120.41666666666667,KPS,29.5,24.5,76,1009.8,5.1,36,6.9
836,836,2025-04-16,147.95833333333334,KPS,29.8,25.0,77,1009.3,4.2,185,2.2
837,837,2025-04-17,91.16666666666667,KPS,30.2,23.8,71,1008.4,5.5,234,0.4
838,838,2025-04-18,68.625,KPS,30.0,23.6,71,1007.9,6.5,221,2.2
839,839,2025-04-19,66.58333333333333,KPS,30.1,24.3,73,1007.2,4.9,187,0.9
840,840,2025-04-20,75.625,KPS,31.0,23.6,68,1007.6,6.2,175,0.0
841,841,2025-04-21,74.83333333333333,KPS,31.1,23.6,68,1009.2,5.8,174,0.0
842,842,2025-04-22,65.04166666666667,KPS,31.2,22.6,64,1009.4,7.4,173,0.0
843,843,2025-04-23,73.125,KPS,31.5,23.6,66,1007.8,6.2,196,0.1
844,844,2025-04-24,71.08333333333333,KPS,31.2,23.6,67,1007.6,6.2,198,0.1
845,845,2025-04-25,73.79166666666667,KPS,31.7,23.9,67,1007.3,5.3,185,0.0
846,846,2025-04-26,66.20833333333333,KPS,31.7,24.2,67,1008.0,7.1,172,0.5
847,847,2025-04-27,69.91666666666667,KPS,30.3,24.9,74,1009.1,5.8,156,1.4
848,848,2025-04-28,69.04166666666667,KPS,30.1,24.6,75,1008.4,3.7,148,0.3
849,849,2025-04-29,85.29166666666667,KPS,29.3,24.2,76,1009.1,3.9,69,0.5
850,850,2025-04-30,142.875,KPS,30.8,23.7,68,1008.4,5.3,152,0.1
851,851,2025-05-01,122.91666666666667,KPS,30.3,24.2,72,1009.4,6.0,78,3.3
852,852,2025-05-02,140.875,KPS,29.7,24.6,75,1008.6,6.6,82,11.6
853,853,2025-05-03,113.5,KPS,29.1,24.2,76,1008.3,4.2,188,8.4
854,854,2025-05-04,82.20833333333333,KPS,29.7,24.7,77,1007.3,4.4,182,5.1
855,855,2025-05-05,73.375,KPS,30.2,24.6,74,1006.6,5.0,188,5.3
856,856,2025-05-06,76.16666666666667,KPS,30.8,25.2,74,1006.2,5.3,182,10.2
857,857,2025-05-07,71.5,KPS,30.6,24.8,73,1005.6,5.5,176,2.6
858,858,2025-05-08,72.79166666666667,KPS,30.7,24.5,72,1005.8,5.1,202,1.3
859,859,2025-05-09,67.20833333333333,KPS,31.1,24.2,69,1006.1,5.8,234,6.9
860,860,2025-05-10,67.91666666666667,KPS,29.5,25.4,80,1006.5,4.8,211,23.7
861,861,2025-05-11,95.08333333333333,KPS,28.4,25.2,84,1006.1,4.1,130,3.1
862,862,2025-05-12,98.25,KPS,27.5,25.6,90,1006.3,4.4,62,8.0
863,863,2025-05-13,122.0,KPS,27.6,25.4,88,1007.4,3.6,130,19.0
864,864,2025-05-14,105.33333333333333,KPS,27.6,25.6,89,1008.5,4.9,140,13.2
865,865,2025-05-15,75.83333333333333,KPS,27.7,25.7,89,1009.2,4.3,147,12.4
866,866,2025-05-16,82.41666666666667,KPS,28.4,26.0,88,1008.9,3.7,141,8.8
867,867,2025-05-17,116.875,KPS,28.7,26.0,86,1008.8,3.8,146,3.4
868,868,2025-05-18,93.66666666666667,KPS,29.2,25.9,83,1008.3,3.5,141,1.4
869,869,2025-05-19,100.5,KPS,29.7,25.4,79,1007.4,5.1,175,2.1
870,870,2025-05-20,90.625,KPS,30.4,25.5,77,1006.9,4.3,159,3.1
871,871,2025-05-21,68.875,KPS,29.9,25.7,79,1007.3,5.0,202,5.7
872,872,2025-05-22,76.0,KPS,30.9,24.7,73,1005.8,4.1,205,1.2
873,873,2025-05-23,56.583333333333336,KPS,30.5,24.2,71,1004.0,7.8,238,18.5
874,874,2025-05-24,68.125,KPS,29.4,25.2,80,1004.8,4.8,185,1.0
875,875,2025-05-25,65.75,KPS,28.0,26.0,89,1006.6,4.8,112,33.6
876,876,2025-05-26,60.791666666666664,KPS,27.6,25.7,90,1007.2,5.5,130,25.6
877,877,2025-05-27,58.125,KPS,27.8,25.2,86,1007.0,4.0,168,14.9
878,878,2025-05-28,81.41666666666667,KPS,29.4,24.1,75,1006.2,4.9,200,12.2
879,879,2025-05-29,64.20833333333333,KPS,29.2,25.7,82,1006.8,5.4,200,5.4
880,880,2025-05-30,56.958333333333336,KPS,29.2,25.6,82,1008.3,5.8,189,6.7
881,881,2025-05-31,55.125,KPS,29.1,25.3,81,1009.1,5.6,189,7.0
882,882,2025-06-01,55.125,KPS,28.9,25.0,81,1008.5,5.8,216,2.5
883,883,2025-06-02,52.041666666666664,KPS,29.3,23.8,73,1007.6,6.9,218,2.5
884,884,2025-06-03,52.333333333333336,KPS,28.9,23.7,74,1007.3,6.5,222,0.3
885,885,2025-06-04,64.08333333333333,KPS,30.3,23.4,69,1007.1,6.9,245,0.3
886,886,2025-06-05,74.91666666666667,KPS,30.4,23.6,69,1007.1,7.3,251,0.3
887,887,2025-06-06,72.91666666666667,KPS,30.2,23.6,69,1006.8,7.0,246,0.2
888,888,2025-06-07,62.875,KPS,30.0,23.8,71,1006.3,7.4,241,3.3
889,889,2025-06-08,61.541666666666664,KPS,29.9,24.5,74,1005.2,6.5,216,9.0
890,890,2025-06-09,52.916666666666664,KPS,29.9,23.9,72,1004.6,6.2,203,2.6
891,891,2025-06-10,55.375,KPS,29.3,24.1,74,1004.3,6.0,215,2.2
892,892,2025-06-11,54.625,KPS,29.6,22.8,68,1004.8,7.5,262,0.0
893,893,2025-06-12,62.541666666666664,KPS,29.0,23.4,73,1004.9,7.1,239,0.1
894,894,2025-06-13,49.375,KPS,27.7,24.2,82,1006.0,5.6,220,4.5
895,895,2025-06-14,39.791666666666664,KPS,27.8,24.3,82,1007.0,5.6,207,0.6
896,896,2025-06-15,47.208333333333336,KPS,28.0,24.4,81,1007.5,5.9,224,1.7
897,897,2025-06-16,55.75,KPS,28.3,24.1,78,1007.8,5.3,238,0.0
898,898,2025-06-17,51.333333333333336,KPS,29.3,24.0,74,1008.5,6.0,243,2.3
899,899,2025-06-18,50.833333333333336,KPS,29.5,23.6,72,1007.7,6.4,245,12.5
900,900,2025-06-19,54.166666666666664,KPS,29.3,24.0,74,1007.8,6.1,251,2.8
901,901,2025-06-20,42.583333333333336,KPS,29.4,22.6,68,1007.3,7.9,259,0.6
902,902,2025-06-21,35.791666666666664,KPS,29.3,23.5,72,1006.2,6.9,233,3.0
903,903,2025-06-22,50.625,KPS,28.2,23.3,75,1006.2,7.2,221,3.7
904,904,2025-06-23,47.458333333333336,KPS,27.8,22.7,75,1006.4,6.7,205,0.5
905,905,2025-06-24,48.083333333333336,KPS,28.5,23.5,76,1006.3,7.0,193,2.0
906,906,2025-06-25,70.04166666666667,KPS,28.8,23.6,74,1007.2,5.8,220,3.6
907,907,2025-06-26,54.333333333333336,KPS,29.3,22.9,69,1007.6,6.6,246,5.3
908,908,2025-06-27,54.416666666666664,KPS,27.6,22.9,76,1007.5,6.6,236,0.4
909,909,2025-06-28,53.166666666666664,KPS,27.6,22.2,74,1006.8,7.2,246,0.0
910,910,2025-06-29,44.875,KPS,27.5,22.9,77,1006.0,6.3,222,0.5
911,911,2025-06-30,39.5,KPS,26.6,23.8,85,1005.9,5.3,220,1.3
912,912,2025-07-01,51.875,KPS,28.1,23.5,77,1006.5,5.6,233,0.6
913,913,2025-07-02,48.125,KPS,27.8,24.1,81,1007.3,5.7,230,3.7
914,914,2025-07-03,60.916666666666664,KPS,28.0,23.1,76,1008.2,6.1,254,0.0
915,915,2025-07-04,59.166666666666664,KPS,29.3,22.5,68,1007.4,7.7,257,0.1
916,916,2025-07-05,39.25,KPS,28.3,23.0,74,1006.4,7.4,250,0.0
917,917,2025-07-06,38.833333333333336,KPS,28.4,23.1,74,1006.3,6.1,237,1.2
918,918,2025-07-07,51.375,KPS,29.2,23.4,72,1006.8,6.8,234,0.0
919,919,2025-07-08,61.0,KPS,28.7,24.4,79,1007.3,6.1,198,3.7
920,920,2025-07-09,54.833333333333336,KPS,28.4,24.6,81,1007.3,6.4,246,3.3
921,921,2025-07-10,46.291666666666664,KPS,29.1,23.3,72,1005.3,7.5,256,0.7
922,922,2025-07-11,37.666666666666664,KPS,28.6,22.4,70,1003.8,9.0,253,0.1
923,923,2025-07-12,33.416666666666664,KPS,29.0,22.5,69,1004.7,7.0,239,0.7
924,924,2025-07-13,50.166666666666664,KPS,29.1,23.8,75,1006.2,6.0,223,2.1
925,925,2025-07-14,66.58333333333333,KPS,29.5,23.8,74,1006.1,6.4,233,5.5
926,926,2025-07-15,60.666666666666664,KPS,29.3,24.2,76,1005.0,6.8,222,10.1
927,927,2025-07-16,56.25,KPS,29.0,24.3,77,1005.8,5.1,205,10.6
928,928,2025-07-17,51.375,KPS,28.2,25.3,85,1006.8,5.2,195,4.9
929,929,2025-07-18,48.666666666666664,KPS,28.0,23.6,78,1006.1,6.6,224,0.1
930,930,2025-07-19,42.125,KPS,27.9,23.7,79,1003.7,6.5,223,6.5
931,931,2025-07-20,31.583333333333332,KPS,27.6,23.3,79,1003.5,8.3,216,0.5
932,932,2025-07-21,28.125,KPS,26.9,23.6,82,1004.6,7.6,224,0.5
933,933,2025-07-22,29.0,KPS,26.8,24.7,88,1003.6,6.3,214,1.1
934,934,2025-07-23,22.208333333333332,KPS,26.8,24.8,89,1002.5,6.4,203,4.9
935,935,2025-07-24,23.083333333333332,KPS,28.6,23.2,75,1004.4,7.9,221,0.3
936,936,2025-07-25,38.625,KPS,29.3,23.2,71,1005.4,7.9,237,0.4
937,937,2025-07-26,46.375,KPS,29.5,23.4,71,1006.1,6.3,234,0.8
938,938,2025-07-27,33.5,KPS,27.8,24.2,82,1005.9,6.4,230,1.5
939,939,2025-07-28,44.25,KPS,28.7,24.3,78,1004.7,6.4,220,3.9
940,940,2025-07-29,37.833333333333336,KPS,29.2,24.1,75,1004.8,6.9,233,1.4
941,941,2025-07-30,29.458333333333332,KPS,29.1,23.8,74,1006.0,6.7,232,0.2
942,942,2025-07-31,31.5,KPS,29.6,23.5,71,1005.9,7.9,249,0.5
943,943,2025-08-01,33.75,KPS,30.3,23.0,67,1005.4,7.6,241,0.2
944,944,2025-08-02,42.166666666666664,KPS,30.5,23.0,66,1006.2,7.4,229,0.0
945,945,2025-08-03,52.0,KPS,30.5,24.0,71,1007.8,6.7,233,0.2
946,946,2025-08-04,45.25,KPS,29.9,24.0,72,1007.6,6.8,230,1.2
947,947,2025-08-05,34.833333333333336,KPS,30.3,24.2,72,1006.9,6.9,237,1.9
948,948,2025-08-06,45.958333333333336,KPS,29.4,24.1,74,1006.7,6.2,225,5.1
949,949,2025-08-07,47.833333333333336,KPS,29.0,24.2,77,1007.9,5.0,197,3.5
950,950,2025-08-08,47.916666666666664,KPS,29.6,24.1,74,1009.2,4.3,217,4.7
951,951,2025-08-09,37.541666666666664,KPS,29.9,24.2,74,1009.1,6.2,246,0.1
952,952,2025-08-10,29.791666666666668,KPS,30.0,22.4,66,1007.4,9.2,266,0.2
953,953,2025-08-11,29.875,KPS,28.6,23.0,73,1006.1,7.0,241,5.8
954,954,2025-08-12,37.583333333333336,KPS,28.4,23.4,76,1006.1,6.2,212,7.5
955,955,2025-08-13,42.833333333333336,KPS,28.7,23.5,75,1007.5,5.8,229,1.7
956,956,2025-08-14,30.833333333333332,KPS,29.3,22.4,68,1006.6,7.9,255,0.2
957,957,2025-08-15,25.416666666666668,KPS,28.9,23.1,72,1004.5,7.3,247,2.6
958,958,2025-08-16,27.75,KPS,27.8,22.6,74,1004.7,6.6,236,0.4
959,959,2025-08-17,47.875,KPS,27.3,22.3,75,1007.5,5.7,226,0.1
960,960,2025-08-18,52.458333333333336,KPS,27.9,22.7,75,1008.8,6.1,235,1.4
961,961,2025-08-19,38.666666666666664,KPS,28.0,23.1,76,1008.8,5.8,236,0.7
962,962,2025-08-20,38.666666666666664,KPS,29.4,22.8,69,1007.9,4.9,241,1.4
963,963,2025-08-21,38.125,KPS,29.2,23.3,73,1008.2,6.1,234,13.2
964,964,2025-08-22,52.791666666666664,KPS,27.8,24.8,85,1008.0,5.5,212,10.7
965,965,2025-08-23,44.916666666666664,KPS,27.5,23.7,81,1007.8,5.9,244,0.9
966,966,2025-08-24,24.75,KPS,27.7,23.2,78,1007.0,6.9,250,6.4
967,967,2025-08-25,28.416666666666668,KPS,27.9,23.0,76,1005.2,8.4,253,0.7
968,968,2025-08-26,19.583333333333332,KPS,26.8,22.9,80,1006.5,7.8,218,0.4
969,969,2025-08-27,29.166666666666668,KPS,27.0,22.6,78,1008.1,6.6,237,0.0
970,970,2025-08-28,37.208333333333336,KPS,28.0,22.6,73,1008.0,6.5,252,0.9
971,971,2025-08-29,32.583333333333336,KPS,29.5,22.1,66,1007.6,8.7,273,0.3
972,972,2025-08-30,25.458333333333332,KPS,29.5,22.5,67,1006.4,8.6,271,0.6
973,973,2025-08-31,19.375,KPS,28.7,22.6,70,1004.9,7.3,240,0.4
974,974,2025-09-01,43.75,KPS,29.0,22.7,70,1005.2,6.8,211,2.1
975,975,2025-09-02,50.041666666666664,KPS,28.2,24.4,82,1006.7,5.0,197,1.1
976,976,2025-09-03,47.083333333333336,KPS,28.5,23.9,77,1007.2,5.5,229,6.6
977,977,2025-09-04,42.541666666666664,KPS,28.0,24.8,84,1006.6,4.7,253,0.9
978,978,2025-09-05,29.958333333333332,KPS,28.1,24.8,84,1006.7,4.4,238,20.1
979,979,2025-09-06,37.25,KPS,28.1,24.6,83,1007.1,3.7,214,16.9
980,980,2025-09-07,49.458333333333336,KPS,27.5,24.8,87,1006.9,5.1,184,11.3
981,981,2025-09-08,38.041666666666664,KPS,27.0,25.2,90,1007.4,5.5,178,7.1
982,982,2025-09-09,45.875,KPS,27.4,24.9,88,1008.6,5.6,176,15.5
983,983,2025-09-10,35.75,KPS,26.9,24.2,86,1009.2,4.4,187,5.5
984,984,2025-09-11,46.666666666666664,KPS,28.2,24.4,82,1008.6,3.5,200,7.6
985,985,2025-09-12,49.083333333333336,KPS,28.4,24.8,82,1008.7,3.0,208,12.2
986,986,2025-09-13,76.91666666666667,KPS,28.6,24.4,80,1008.9,2.6,156,3.3
987,987,2025-09-14,66.0,KPS,27.5,25.1,87,1009.5,3.7,114,20.1
988,988,2025-09-15,64.95833333333333,KPS,27.6,24.8,85,1009.3,3.3,117,17.9
989,989,2025-09-16,62.875,KPS,28.1,24.5,82,1009.1,3.8,241,11.2
990,990,2025-09-17,46.041666666666664,KPS,28.3,24.3,80,1008.0,3.9,227,15.9
991,991,2025-09-18,37.125,KPS,28.5,24.3,80,1007.2,5.7,214,4.1
992,992,2025-09-19,35.166666666666664,KPS,28.6,23.0,73,1007.3,6.8,205,0.3
993,993,2025-09-20,22.375,KPS,28.8,23.2,72,1007.0,6.5,201,0.6
994,994,2025-09-21,24.875,KPS,29.2,22.9,70,1007.0,6.9,230,0.8
995,995,2025-09-22,57.166666666666664,KPS,28.8,23.6,74,1007.7,5.8,231,3.0
996,996,2025-09-23,50.875,KPS,28.6,23.1,73,1007.1,7.1,231,0.3
997,997,2025-09-24,22.416666666666668,KPS,28.0,23.0,75,1005.5,7.0,232,0.7
998,998,2025-09-25,21.5,KPS,28.3,23.0,74,1005.6,6.0,238,0.6
999,999,2025-09-26,25.291666666666668,KPS,28.3,23.2,75,1007.7,6.3,246,0.6
1000,1000,2025-09-27,47.375,KPS,27.1,23.8,83,1008.8,5.0,283,2.7
1001,1001,2025-09-28,36.666666666666664,KPS,28.3,23.9,78,1005.9,5.1,304,3.5
1002,1002,2025-09-29,31.25,KPS,28.5,24.1,78,1004.1,7.3,231,6.3
1003,1003,2025-09-30,19.583333333333332,KPS,27.8,24.1,81,1006.9,6.5,170,23.4
1004,1004,2025-10-01,30.041666666666668,KPS,27.8,24.8,85,1009.3,4.0,144,5.5
1005,1005,2025-10-02,63.375,KPS,28.8,24.4,79,1010.0,2.7,142,1.8
1006,1006,2025-10-03,84.66666666666667,KPS,28.9,24.7,79,1010.1,3.7,76,8.5
1007,1007,2025-10-04,61.958333333333336,KPS,27.8,24.8,84,1010.4,4.6,157,12.8
1008,1008,2025-10-05,41.625,KPS,28.3,24.3,81,1010.0,4.8,208,5.0
1009,1009,2025-10-06,34.083333333333336,KPS,28.4,24.0,78,1009.4,6.3,224,5.1
1010,1010,2025-10-07,39.583333333333336,KPS,28.7,23.6,76,1009.8,6.7,236,5.3
1011,1011,2025-10-08,42.666666666666664,KPS,28.5,23.8,77,1010.1,5.1,269,6.1
1012,1012,2025-10-09,35.541666666666664,KPS,27.8,24.3,82,1009.8,4.8,9,13.4
1013,1013,2025-10-10,52.583333333333336,KPS,28.1,24.6,82,1008.8,4.7,18,11.2
1014,1014,2025-10-11,52.416666666666664,KPS,27.6,24.9,86,1008.8,3.3,285,13.1
1015,1015,2025-10-12,55.083333333333336,KPS,27.6,25.1,87,1008.5,3.9,49,20.5
1016,1016,2025-10-13,73.04166666666667,KPS,27.2,25.3,90,1008.5,3.7,62,17.0
1017,1017,2025-10-14,82.0,KPS,26.7,25.0,91,1008.4,4.2,71,16.9
1018,1018,2025-10-15,87.29166666666667,KPS,27.0,25.2,91,1008.4,3.4,107,14.4
1019,1019,2025-10-16,74.04166666666667,KPS,27.7,25.2,87,1008.8,5.2,17,16.6
1020,1020,2025-10-17,55.458333333333336,KPS,28.0,24.7,83,1009.3,5.4,6,7.5
1021,1021,2025-10-18,53.416666666666664,KPS,28.3,24.9,82,1008.5,5.2,11,10.8
1022,1022,2025-10-19,57.625,KPS,28.2,24.6,82,1007.5,5.3,19,12.6
1023,1023,2025-10-20,53.458333333333336,KPS,28.6,24.3,79,1007.8,4.3,12,3.1
1024,1024,2025-10-21,58.958333333333336,KPS,28.1,24.3,81,1008.9,4.2,357,2.1
1025,1025,2025-10-22,74.29166666666667,KPS,28.0,22.8,75,1009.5,7.3,26,0.0
1026,1026,2025-10-23,64.83333333333333,KPS,27.2,21.8,73,1010.0,8.3,32,0.0
1027,1027,2025-10-24,59.041666666666664,KPS,27.4,21.9,73,1010.1,5.0,25,0.0
1028,1028,2025-10-25,62.916666666666664,KPS,27.7,23.0,76,1009.8,4.8,39,0.0
1029,1029,2025-10-26,72.75,KPS,28.0,23.2,76,1010.2,6.0,56,0.6
1030,1030,2025-10-27,80.125,KPS,28.1,22.9,74,1011.5,5.3,27,0.0
1031,1031,2025-10-28,88.875,KPS,27.8,23.5,78,1010.9,6.1,23,4.8
1032,1032,2025-10-29,78.41666666666667,KPS,28.0,23.0,76,1009.9,7.0,19,1.6
1033,1033,2025-10-30,82.45833333333333,KPS,26.7,24.2,86,1009.5,6.8,359,9.5
1034,1034,2025-10-31,65.66666666666667,KPS,26.7,25.1,91,1009.9,3.9,72,37.6
1035,1035,2025-11-01,83.08333333333333,KPS,26.6,25.3,93,1010.2,3.4,85,25.7
1036,1036,2025-11-02,61.5,KPS,26.9,24.9,89,1010.2,4.0,152,17.4
1037,1037,2025-11-03,61.5,KPS,26.9,24.8,89,1009.8,2.3,20,3.9
1038,1038,2025-11-04,72.125,KPS,26.5,24.7,90,1009.8,3.5,15,11.4
1039,1039,2025-11-05,66.58333333333333,KPS,26.0,23.2,85,1008.8,5.2,2,0.8
1040,1040,2025-11-06,73.54166666666667,KPS,27.2,23.7,82,1007.9,5.5,353,0.0
1041,1041,2025-11-07,70.91666666666667,KPS,27.8,24.5,83,1007.2,4.0,328,0.0
1042,1042,2025-11-08,82.41666666666667,KPS,27.0,24.6,87,1008.5,3.5,110,17.2
1043,1043,2025-11-09,78.66666666666667,KPS,27.7,24.6,84,1008.9,4.0,198,9.1
1044,1044,2025-11-10,77.91666666666667,KPS,27.8,25.1,86,1008.8,3.3,216,12.9
1045,1045,2025-11-11,72.16666666666667,KPS,28.5,24.1,79,1008.5,3.4,240,0.0
1046,1046,2025-11-12,81.66666666666667,KPS,28.7,25.3,83,1009.4,3.3,110,0.2
1047,1047,2025-11-13,113.58333333333333,KPS,26.6,24.9,90,1011.6,5.0,49,19.4
1048,1048,2025-11-14,79.875,KPS,27.0,23.4,82,1012.0,5.7,27,7.0
1049,1049,2025-11-15,67.5,KPS,25.6,18.9,69,1013.1,8.4,31,0.0
1050,1050,2025-11-16,60.25,KPS,26.2,20.8,73,1012.9,7.9,36,0.0
1051,1051,2025-11-17,61.375,KPS,25.7,22.3,82,1012.3,6.7,17,0.5
1052,1052,2025-11-18,51.5,KPS,25.9,22.7,83,1012.3,8.7,18,0.8
1053,1053,2025-11-19,52.291666666666664,KPS,25.0,19.9,74,1013.6,10.8,27,0.5
1054,1054,2025-11-20,46.375,KPS,24.0,17.0,66,1014.9,11.3,28,0.0
1055,1055,2025-11-21,56.208333333333336,KPS,23.9,16.4,64,1015.3,10.9,25,0.0
1056,1056,2025-11-22,64.91666666666667,KPS,24.3,16.9,64,1013.9,9.1,18,0.0
1057,1057,2025-11-23,55.625,KPS,25.0,19.2,72,1013.3,8.5,6,0.0
1058,1058,2025-11-24,59.125,KPS,25.7,20.4,74,1012.2,8.8,17,0.0
1059,1059,2025-11-25,61.666666666666664,KPS,25.0,19.0,71,1012.3,10.0,26,0.0
1060,1060,2025-11-26,80.375,KPS,23.6,17.1,69,1012.8,8.5,18,0.0
1061,1061,2025-11-27,72.5,KPS,22.9,15.2,64,1013.9,10.1,31,0.0
1062,1062,2025-11-28,68.66666666666667,KPS,21.2,11.0,55,1013.8,9.0,19,0.0
1063,1063,2025-11-29,64.16666666666667,KPS,21.3,14.6,68,1012.2,6.0,353,0.0
1064,1064,2025-11-30,60.541666666666664,KPS,22.9,16.2,68,1011.6,4.9,336,0.0
1065,1065,2025-12-01,75.70833333333333,KPS,24.1,18.2,71,1011.3,4.2,329,0.0
1066,1066,2025-12-02,66.0,KPS,24.9,20.1,76,1010.6,4.0,327,0.0
1067,1067,2025-12-03,63.708333333333336,KPS,26.3,21.6,77,1011.6,4.8,354,0.0
1068,1068,2025-12-04,56.791666666666664,KPS,26.8,21.4,74,1012.1,7.5,20,0.0
1069,1069,2025-12-05,52.583333333333336,KPS,25.8,22.8,84,1013.6,4.3,11,1.9
1070,1070,2025-12-06,65.54166666666667,KPS,26.6,22.0,78,1013.1,5.7,18,0.0
1071,1071,2025-12-07,71.16666666666667,KPS,26.2,21.5,77,1012.6,4.4,14,0.0
1072,1072,2025-12-08,65.20833333333333,KPS,25.2,19.2,71,1013.2,6.8,42,0.0
1073,1073,2025-12-09,62.625,KPS,24.1,17.7,69,1013.2,5.7,32,0.0
1074,1074,2025-12-10,69.91666666666667,KPS,24.5,18.5,71,1012.8,7.3,20,0.0
1075,1075,2025-12-11,64.16666666666667,KPS,23.8,20.4,82,1012.6,6.2,10,0.0
1076,1076,2025-12-12,44.291666666666664,KPS,24.4,21.7,85,1011.9,6.6,3,0.5
1077,1077,2025-12-13,54.791666666666664,KPS,25.7,22.5,83,1011.7,7.1,12,2.2
1078,1078,2025-12-14,59.458333333333336,KPS,26.3,22.0,78,1012.3,8.6,17,0.0
1079,1079,2025-12-15,45.375,KPS,26.1,21.0,75,1012.7,7.4,9,0.0
1080,1080,2025-12-16,49.5,KPS,26.3,20.9,74,1012.0,4.9,11,0.0
1081,1081,2025-12-17,51.833333333333336,KPS,26.6,21.2,74,1012.2,6.1,24,0.0
1082,1082,2025-12-18,50.416666666666664,KPS,26.1,20.7,73,1012.3,6.5,16,0.0
1083,1083,2025-12-19,58.875,KPS,25.7,20.2,73,1010.9,6.0,10,0.0
1084,1084,2025-12-20,74.33333333333333,KPS,25.6,19.6,71,1010.2,4.6,0,0.0
1085,1085,2025-12-21,70.45833333333333,KPS,25.0,19.0,72,1011.3,6.2,22,0.0
1086,1086,2025-12-22,54.5,KPS,25.5,20.1,73,1010.6,5.5,4,0.0
1087,1087,2025-12-23,70.16666666666667,KPS,26.8,22.2,77,1009.7,3.6,11,0.0
1088,1088,2025-12-24,95.20833333333333,KPS,26.8,22.1,77,1009.5,3.9,358,0.0
1089,1089,2025-12-25,74.5,KPS,26.8,20.9,72,1009.9,5.4,13,0.0
1090,1090,2025-12-26,62.75,KPS,25.8,20.7,74,1011.0,5.5,20,0.0
1091,1091,2025-12-27,56.25,KPS,25.7,19.8,71,1012.1,6.5,14,0.0
1092,1092,2025-12-28,61.333333333333336,KPS,25.7,19.7,71,1012.6,5.0,9,0.0
1093,1093,2025-12-29,73.375,KPS,25.5,20.0,73,1011.7,3.3,16,0.0
1094,1094,2025-12-30,89.875,KPS,25.7,19.9,72,1010.6,2.1,34,0.0
1095,1095,2025-12-31,133.29166666666666,KPS,24.9,20.2,77,1009.2,2.6,267,0.0
